repo	run_id	status	conclusion	created_at	updated_at	head_branch	workflow	event	url
acting-career-automation	38044675620	completed	success	2026-10-10T10:22:32Z	2026-10-10T10:22:47Z	main	Follow-up Reminder for Sent Leads	schedule	https://github.com/balajirajput96/acting-career-automation/actions/runs/38044675620
acting-career-automation	38040496725	completed	success	2026-10-10T09:11:14Z	2026-10-10T09:11:29Z	main	Generate Drafts for New Leads	schedule	https://github.com/balajirajput96/acting-career-automation/actions/runs/38040496725
acting-career-automation	38038984945	completed	success	2026-10-10T08:45:23Z	2026-10-10T08:45:34Z	main	Toolkit Health Check	schedule	https://github.com/balajirajput96/acting-career-automation/actions/runs/38038984945
acting-career-automation	37921506417	completed	success	2026-10-09T11:04:38Z	2026-10-09T11:04:53Z	main	Follow-up Reminder for Sent Leads	schedule	https://github.com/balajirajput96/acting-career-automation/actions/runs/37921506417
acting-career-automation	37913401104	completed	success	2026-10-09T09:46:14Z	2026-10-09T09:46:31Z	main	Generate Drafts for New Leads	schedule	https://github.com/balajirajput96/acting-career-automation/actions/runs/37913401104
acting-career-automation	37911046776	completed	success	2026-10-09T09:24:18Z	2026-10-09T09:24:30Z	main	Toolkit Health Check	schedule	https://github.com/balajirajput96/acting-career-automation/actions/runs/37911046776
acting-career-automation	37770467148	completed	success	2026-10-08T11:30:14Z	2026-10-08T11:31:16Z	main	npm_and_yarn in /production_3000/video_projects/reel-0003-home-attention-reset, /production_3000/video_projects/reel-0004-digital-notifications-focus, /production_3000/video_projects/reel-0005-attention-transitions, /videos/nutrition-label-topic-08, /videos/sleep-memory-final, /videos/spaced-practice-topic-07 for adm-zip, adm-zip, adm-zip, adm-zip, adm-zip, adm-zip, adm-zip, adm-zip, adm-zip, adm-zip, adm-zip, adm-zip, adm-zip, adm-zip, adm-zip, adm-zip, adm-zip, adm-zip, adm-zip, adm-zip, adm-zip, adm-z...	dynamic	https://github.com/balajirajput96/acting-career-automation/actions/runs/37770467148
acting-career-automation	37770205911	completed	success	2026-10-08T11:27:52Z	2026-10-08T11:28:53Z	main	npm_and_yarn in /production_3000/video_projects/reel-0003-home-attention-reset, /production_3000/video_projects/reel-0004-digital-notifications-focus, /production_3000/video_projects/reel-0005-attention-transitions, /videos/nutrition-label-topic-08, /videos/sleep-memory-final, /videos/spaced-practice-topic-07 for adm-zip, adm-zip, adm-zip, adm-zip, adm-zip, adm-zip, adm-zip, adm-zip, adm-zip, adm-zip, adm-zip, adm-zip, adm-zip, adm-zip, adm-zip, adm-zip, adm-zip, adm-zip, adm-zip, adm-zip, adm-zip, adm-z...	dynamic	https://github.com/balajirajput96/acting-career-automation/actions/runs/37770205911
acting-career-automation	37770197602	completed	success	2026-10-08T11:27:48Z	2026-10-08T11:28:47Z	main	npm_and_yarn in /production_3000/video_projects/reel-0003-home-attention-reset, /production_3000/video_projects/reel-0004-digital-notifications-focus, /production_3000/video_projects/reel-0005-attention-transitions, /videos/nutrition-label-topic-08, /videos/sleep-memory-final, /videos/spaced-practice-topic-07 for adm-zip, adm-zip, adm-zip, adm-zip, adm-zip, adm-zip, adm-zip, adm-zip, adm-zip, adm-zip, adm-zip, adm-zip, adm-zip, adm-zip, adm-zip, adm-zip, adm-zip, adm-zip, adm-zip, adm-zip, hono, hono, ho...	dynamic	https://github.com/balajirajput96/acting-career-automation/actions/runs/37770197602
acting-career-automation	37767779504	completed	success	2026-10-08T11:05:32Z	2026-10-08T11:05:47Z	main	Follow-up Reminder for Sent Leads	schedule	https://github.com/balajirajput96/acting-career-automation/actions/runs/37767779504
acting-career-automation	37758277643	completed	success	2026-10-08T09:40:25Z	2026-10-08T09:40:43Z	main	Generate Drafts for New Leads	schedule	https://github.com/balajirajput96/acting-career-automation/actions/runs/37758277643
acting-career-automation	37755531327	completed	success	2026-10-08T09:16:40Z	2026-10-08T09:16:50Z	main	Toolkit Health Check	schedule	https://github.com/balajirajput96/acting-career-automation/actions/runs/37755531327
acting-career-automation	37609710471	completed	success	2026-10-07T10:47:22Z	2026-10-07T10:47:40Z	main	Follow-up Reminder for Sent Leads	schedule	https://github.com/balajirajput96/acting-career-automation/actions/runs/37609710471
acting-career-automation	37600923812	completed	success	2026-10-07T09:29:06Z	2026-10-07T09:29:22Z	main	Generate Drafts for New Leads	schedule	https://github.com/balajirajput96/acting-career-automation/actions/runs/37600923812
acting-career-automation	37597650063	completed	success	2026-10-07T09:00:49Z	2026-10-07T09:01:00Z	main	Toolkit Health Check	schedule	https://github.com/balajirajput96/acting-career-automation/actions/runs/37597650063
acting-career-automation	37582986293	completed	success	2026-10-07T06:42:17Z	2026-10-07T06:43:17Z	main	npm_and_yarn in /production_3000/video_projects/reel-0003-home-attention-reset, /production_3000/video_projects/reel-0004-digital-notifications-focus, /production_3000/video_projects/reel-0005-attention-transitions, /videos/nutrition-label-topic-08, /videos/sleep-memory-final, /videos/spaced-practice-topic-07 for adm-zip, adm-zip, adm-zip, adm-zip, adm-zip, adm-zip, adm-zip, adm-zip, adm-zip, adm-zip, adm-zip, adm-zip, adm-zip, adm-zip, hono, hono, hono, hono, hono, hono, hono, hono, hono, hono, sharp, s...	dynamic	https://github.com/balajirajput96/acting-career-automation/actions/runs/37582986293
acting-career-automation	37582985645	completed	success	2026-10-07T06:42:17Z	2026-10-07T06:43:25Z	main	npm_and_yarn in /production_3000/video_projects/reel-0003-home-attention-reset, /production_3000/video_projects/reel-0004-digital-notifications-focus, /production_3000/video_projects/reel-0005-attention-transitions, /videos/nutrition-label-topic-08, /videos/sleep-memory-final, /videos/spaced-practice-topic-07 for adm-zip, adm-zip, adm-zip, adm-zip, adm-zip, adm-zip, adm-zip, adm-zip, adm-zip, adm-zip, adm-zip, adm-zip, adm-zip, adm-zip, hono, hono, hono, hono, hono, hono, hono, hono, hono, hono, sharp, s...	dynamic	https://github.com/balajirajput96/acting-career-automation/actions/runs/37582985645
acting-career-automation	37582976362	completed	success	2026-10-07T06:42:11Z	2026-10-07T06:43:11Z	main	npm_and_yarn in /production_3000/video_projects/reel-0003-home-attention-reset, /production_3000/video_projects/reel-0004-digital-notifications-focus, /production_3000/video_projects/reel-0005-attention-transitions, /videos/nutrition-label-topic-08, /videos/sleep-memory-final, /videos/spaced-practice-topic-07 for adm-zip, adm-zip, adm-zip, adm-zip, adm-zip, adm-zip, adm-zip, adm-zip, adm-zip, adm-zip, adm-zip, adm-zip, hono, hono, hono, hono, hono, hono, hono, hono, hono, hono, sharp, sharp, sharp, sharp...	dynamic	https://github.com/balajirajput96/acting-career-automation/actions/runs/37582976362
acting-career-automation	37453268184	completed	success	2026-10-06T10:58:02Z	2026-10-06T10:58:20Z	main	Follow-up Reminder for Sent Leads	schedule	https://github.com/balajirajput96/acting-career-automation/actions/runs/37453268184
acting-career-automation	37443729299	completed	success	2026-10-06T09:33:01Z	2026-10-06T09:33:16Z	main	Generate Drafts for New Leads	schedule	https://github.com/balajirajput96/acting-career-automation/actions/runs/37443729299
ai-agent-hub	38050261818	completed	success	2026-10-10T11:58:06Z	2026-10-10T11:58:16Z	main	CI Health Monitor	schedule	https://github.com/balajirajput96/ai-agent-hub/actions/runs/38050261818
ai-agent-hub	38042590503	completed	failure	2026-10-10T09:46:45Z	2026-10-10T11:59:00Z	main	Daily Maintenance	schedule	https://github.com/balajirajput96/ai-agent-hub/actions/runs/38042590503
ai-agent-hub	38024356413	completed	success	2026-10-10T04:31:15Z	2026-10-10T04:31:24Z	main	CI Health Monitor	schedule	https://github.com/balajirajput96/ai-agent-hub/actions/runs/38024356413
ai-agent-hub	37998523616	completed	success	2026-10-09T22:18:53Z	2026-10-09T22:19:03Z	main	CI Health Monitor	schedule	https://github.com/balajirajput96/ai-agent-hub/actions/runs/37998523616
ai-agent-hub	37931364348	completed	success	2026-10-09T12:38:26Z	2026-10-09T12:38:35Z	main	CI Health Monitor	schedule	https://github.com/balajirajput96/ai-agent-hub/actions/runs/37931364348
ai-agent-hub	37917905255	completed	cancelled	2026-10-09T10:29:23Z	2026-10-10T11:58:15Z	main	Daily Maintenance	schedule	https://github.com/balajirajput96/ai-agent-hub/actions/runs/37917905255
ai-agent-hub	37885389538	completed	success	2026-10-09T04:45:46Z	2026-10-09T04:45:55Z	main	CI Health Monitor	schedule	https://github.com/balajirajput96/ai-agent-hub/actions/runs/37885389538
ai-agent-hub	37856663175	completed	success	2026-10-08T22:57:34Z	2026-10-08T22:57:43Z	main	CI Health Monitor	schedule	https://github.com/balajirajput96/ai-agent-hub/actions/runs/37856663175
ai-agent-hub	37780050688	completed	success	2026-10-08T12:52:45Z	2026-10-08T12:52:55Z	main	CI Health Monitor	schedule	https://github.com/balajirajput96/ai-agent-hub/actions/runs/37780050688
ai-agent-hub	37763999661	completed	failure	2026-10-08T10:31:11Z	2026-10-10T11:59:42Z	main	Daily Maintenance	schedule	https://github.com/balajirajput96/ai-agent-hub/actions/runs/37763999661
ai-agent-hub	37728771842	completed	success	2026-10-08T04:42:30Z	2026-10-08T04:42:38Z	main	CI Health Monitor	schedule	https://github.com/balajirajput96/ai-agent-hub/actions/runs/37728771842
ai-agent-hub	37698294808	completed	success	2026-10-07T22:46:31Z	2026-10-07T22:46:40Z	main	CI Health Monitor	schedule	https://github.com/balajirajput96/ai-agent-hub/actions/runs/37698294808
ai-agent-hub	37623047155	completed	success	2026-10-07T12:43:21Z	2026-10-07T12:43:31Z	main	CI Health Monitor	schedule	https://github.com/balajirajput96/ai-agent-hub/actions/runs/37623047155
ai-agent-hub	37605836933	completed	cancelled	2026-10-07T10:12:20Z	2026-10-08T12:52:56Z	main	Daily Maintenance	schedule	https://github.com/balajirajput96/ai-agent-hub/actions/runs/37605836933
ai-agent-hub	37571888051	completed	success	2026-10-07T04:31:41Z	2026-10-07T04:31:49Z	main	CI Health Monitor	schedule	https://github.com/balajirajput96/ai-agent-hub/actions/runs/37571888051
ai-agent-hub	37540157745	completed	success	2026-10-06T22:22:25Z	2026-10-06T22:22:42Z	main	CI Health Monitor	schedule	https://github.com/balajirajput96/ai-agent-hub/actions/runs/37540157745
ai-agent-hub	37466051811	completed	success	2026-10-06T12:49:14Z	2026-10-06T12:49:24Z	main	CI Health Monitor	schedule	https://github.com/balajirajput96/ai-agent-hub/actions/runs/37466051811
ai-agent-hub	37448346916	completed	cancelled	2026-10-06T10:13:29Z	2026-10-09T12:38:39Z	main	Daily Maintenance	schedule	https://github.com/balajirajput96/ai-agent-hub/actions/runs/37448346916
ai-agent-hub	37416757065	completed	success	2026-10-06T05:04:50Z	2026-10-06T05:05:00Z	main	CI Health Monitor	schedule	https://github.com/balajirajput96/ai-agent-hub/actions/runs/37416757065
ai-agent-hub	37402760780	completed	success	2026-10-06T02:09:29Z	2026-10-06T02:10:24Z	main	npm_and_yarn in /. for @vitest/mocker, axios, axios, axios, axios, axios, axios, axios, axios, axios, browserslist, dompurify, mysql2, mysql2, pnpm, pnpm, pnpm, qs, qs, vitest, vitest - Update #1611881219	dynamic	https://github.com/balajirajput96/ai-agent-hub/actions/runs/37402760780
ai-assistant	38033732866	completed	success	2026-10-10T07:14:22Z	2026-10-10T07:14:51Z	main	Bounded engineering continuation	schedule	https://github.com/balajirajput96/ai-assistant/actions/runs/38033732866
ai-assistant	38011214166	completed	success	2026-10-10T00:57:14Z	2026-10-10T00:57:45Z	main	Bounded engineering continuation	schedule	https://github.com/balajirajput96/ai-assistant/actions/runs/38011214166
ai-assistant	37990524251	completed	success	2026-10-09T20:58:29Z	2026-10-09T20:58:57Z	main	Bounded engineering continuation	schedule	https://github.com/balajirajput96/ai-assistant/actions/runs/37990524251
ai-assistant	37958093836	completed	success	2026-10-09T16:17:56Z	2026-10-09T16:18:23Z	main	Bounded engineering continuation	schedule	https://github.com/balajirajput96/ai-assistant/actions/runs/37958093836
ai-assistant	37909779073	completed	success	2026-10-09T09:12:29Z	2026-10-09T09:12:58Z	main	Bounded engineering continuation	schedule	https://github.com/balajirajput96/ai-assistant/actions/runs/37909779073
ai-assistant	37873686184	completed	success	2026-10-09T02:15:16Z	2026-10-09T02:15:43Z	main	Bounded engineering continuation	schedule	https://github.com/balajirajput96/ai-assistant/actions/runs/37873686184
ai-assistant	37851639537	completed	success	2026-10-08T22:09:16Z	2026-10-08T22:09:40Z	main	Bounded engineering continuation	schedule	https://github.com/balajirajput96/ai-assistant/actions/runs/37851639537
ai-assistant	37809895649	completed	success	2026-10-08T16:34:48Z	2026-10-08T16:35:39Z	main	Bounded engineering continuation	schedule	https://github.com/balajirajput96/ai-assistant/actions/runs/37809895649
ai-assistant	37754298794	completed	success	2026-10-08T09:06:03Z	2026-10-08T09:06:35Z	main	Bounded engineering continuation	schedule	https://github.com/balajirajput96/ai-assistant/actions/runs/37754298794
ai-assistant	37715811228	completed	success	2026-10-08T02:01:27Z	2026-10-08T02:01:50Z	main	Bounded engineering continuation	schedule	https://github.com/balajirajput96/ai-assistant/actions/runs/37715811228
ai-assistant	37693606865	completed	success	2026-10-07T22:03:02Z	2026-10-07T22:03:33Z	main	Bounded engineering continuation	schedule	https://github.com/balajirajput96/ai-assistant/actions/runs/37693606865
ai-assistant	37653361129	completed	success	2026-10-07T16:36:23Z	2026-10-07T16:36:55Z	main	Bounded engineering continuation	schedule	https://github.com/balajirajput96/ai-assistant/actions/runs/37653361129
ai-assistant	37596113920	completed	success	2026-10-07T08:47:18Z	2026-10-07T08:47:44Z	main	Bounded engineering continuation	schedule	https://github.com/balajirajput96/ai-assistant/actions/runs/37596113920
ai-assistant	37588042702	completed	success	2026-10-07T07:33:20Z	2026-10-07T07:34:15Z	main	npm_and_yarn in /. for @babel/core, @humanfs/node, @vitest/mocker, @xmldom/xmldom, @xmldom/xmldom, @xmldom/xmldom, @xmldom/xmldom, @xmldom/xmldom, @xmldom/xmldom, @xmldom/xmldom, @xmldom/xmldom, @xmldom/xmldom, @xmldom/xmldom, axios, axios, axios, axios, axios, axios, axios, axios, axios, axios, axios, axios, axios, axios, axios, axios, axios, axios, axios, axios, baseline-browser-mapping, body-parser, brace-expansion, brace-expansion, brace-expansion, brace-expansion, brace-expansion, brace-expansion, b...	dynamic	https://github.com/balajirajput96/ai-assistant/actions/runs/37588042702
ai-assistant	37558019919	completed	success	2026-10-07T01:37:24Z	2026-10-07T01:37:49Z	main	Bounded engineering continuation	schedule	https://github.com/balajirajput96/ai-assistant/actions/runs/37558019919
ai-assistant	37535584887	completed	success	2026-10-06T21:40:55Z	2026-10-06T21:41:24Z	main	Bounded engineering continuation	schedule	https://github.com/balajirajput96/ai-assistant/actions/runs/37535584887
ai-assistant	37502170870	completed	success	2026-10-06T17:15:44Z	2026-10-06T17:16:11Z	main	Bounded engineering continuation	schedule	https://github.com/balajirajput96/ai-assistant/actions/runs/37502170870
ai-assistant	37449964513	completed	success	2026-10-06T10:28:04Z	2026-10-06T10:28:30Z	main	Bounded engineering continuation	schedule	https://github.com/balajirajput96/ai-assistant/actions/runs/37449964513
ai-assistant	37446717145	completed	success	2026-10-06T09:59:16Z	2026-10-06T10:00:07Z	main	npm_and_yarn in /. for @babel/core, @humanfs/node, @vitest/mocker, @xmldom/xmldom, @xmldom/xmldom, @xmldom/xmldom, @xmldom/xmldom, @xmldom/xmldom, @xmldom/xmldom, @xmldom/xmldom, @xmldom/xmldom, @xmldom/xmldom, @xmldom/xmldom, axios, axios, axios, axios, axios, axios, axios, axios, axios, axios, axios, axios, axios, axios, axios, axios, axios, axios, axios, axios, baseline-browser-mapping, body-parser, brace-expansion, brace-expansion, brace-expansion, brace-expansion, brace-expansion, brace-expansion, b...	dynamic	https://github.com/balajirajput96/ai-assistant/actions/runs/37446717145
ai-assistant	37439650441	completed	success	2026-10-06T08:57:43Z	2026-10-06T08:58:32Z	main	npm_and_yarn in /. for @babel/core, @humanfs/node, @vitest/mocker, @xmldom/xmldom, @xmldom/xmldom, @xmldom/xmldom, @xmldom/xmldom, @xmldom/xmldom, @xmldom/xmldom, @xmldom/xmldom, @xmldom/xmldom, @xmldom/xmldom, @xmldom/xmldom, axios, axios, axios, axios, axios, axios, axios, axios, axios, axios, axios, axios, axios, axios, axios, axios, axios, axios, axios, axios, baseline-browser-mapping, body-parser, brace-expansion, brace-expansion, brace-expansion, brace-expansion, brace-expansion, brace-expansion, b...	dynamic	https://github.com/balajirajput96/ai-assistant/actions/runs/37439650441
ai-assistant-app	38044053471	completed	success	2026-10-10T10:11:42Z	2026-10-10T10:12:50Z	main	Atlas Maintenance	schedule	https://github.com/balajirajput96/ai-assistant-app/actions/runs/38044053471
ai-assistant-app	38019527581	completed	success	2026-10-10T03:08:47Z	2026-10-10T03:09:51Z	main	Atlas Maintenance	schedule	https://github.com/balajirajput96/ai-assistant-app/actions/runs/38019527581
ai-assistant-app	38005457846	completed	success	2026-10-09T23:39:05Z	2026-10-09T23:40:13Z	main	Atlas Maintenance	schedule	https://github.com/balajirajput96/ai-assistant-app/actions/runs/38005457846
ai-assistant-app	37978708776	completed	success	2026-10-09T19:13:09Z	2026-10-09T19:14:26Z	main	Atlas Maintenance	schedule	https://github.com/balajirajput96/ai-assistant-app/actions/runs/37978708776
ai-assistant-app	37940614699	completed	success	2026-10-09T13:57:35Z	2026-10-09T13:58:45Z	main	Atlas Maintenance	schedule	https://github.com/balajirajput96/ai-assistant-app/actions/runs/37940614699
ai-assistant-app	37896037134	completed	success	2026-10-09T06:54:41Z	2026-10-09T06:55:54Z	main	Atlas Maintenance	schedule	https://github.com/balajirajput96/ai-assistant-app/actions/runs/37896037134
ai-assistant-app	37866471044	completed	success	2026-10-09T00:46:29Z	2026-10-09T00:47:39Z	main	Atlas Maintenance	schedule	https://github.com/balajirajput96/ai-assistant-app/actions/runs/37866471044
ai-assistant-app	37838485641	completed	success	2026-10-08T20:18:42Z	2026-10-08T20:19:39Z	main	Atlas Maintenance	schedule	https://github.com/balajirajput96/ai-assistant-app/actions/runs/37838485641
ai-assistant-app	37790082213	completed	success	2026-10-08T14:08:54Z	2026-10-08T14:09:55Z	main	Atlas Maintenance	schedule	https://github.com/balajirajput96/ai-assistant-app/actions/runs/37790082213
ai-assistant-app	37739444573	completed	success	2026-10-08T06:46:05Z	2026-10-08T06:47:12Z	main	Atlas Maintenance	schedule	https://github.com/balajirajput96/ai-assistant-app/actions/runs/37739444573
ai-assistant-app	37708232888	completed	success	2026-10-08T00:31:40Z	2026-10-08T00:32:56Z	main	Atlas Maintenance	schedule	https://github.com/balajirajput96/ai-assistant-app/actions/runs/37708232888
ai-assistant-app	37680759431	completed	success	2026-10-07T20:16:31Z	2026-10-07T20:17:24Z	main	Atlas Maintenance	schedule	https://github.com/balajirajput96/ai-assistant-app/actions/runs/37680759431
ai-assistant-app	37640175870	completed	success	2026-10-07T14:51:04Z	2026-10-07T14:52:03Z	main	Atlas Maintenance	schedule	https://github.com/balajirajput96/ai-assistant-app/actions/runs/37640175870
ai-assistant-app	37589868512	completed	success	2026-10-07T07:50:45Z	2026-10-07T07:51:48Z	main	Atlas Maintenance	schedule	https://github.com/balajirajput96/ai-assistant-app/actions/runs/37589868512
ai-assistant-app	37555333348	completed	success	2026-10-07T01:05:19Z	2026-10-07T01:06:29Z	main	Atlas Maintenance	schedule	https://github.com/balajirajput96/ai-assistant-app/actions/runs/37555333348
ai-assistant-app	37533193912	completed	success	2026-10-06T21:20:35Z	2026-10-06T21:21:45Z	main	Atlas Maintenance	schedule	https://github.com/balajirajput96/ai-assistant-app/actions/runs/37533193912
ai-assistant-app	37495005693	completed	success	2026-10-06T16:21:05Z	2026-10-06T16:22:16Z	main	Atlas Maintenance	schedule	https://github.com/balajirajput96/ai-assistant-app/actions/runs/37495005693
ai-assistant-app	37443683807	completed	success	2026-10-06T09:32:38Z	2026-10-06T09:33:52Z	main	Atlas Maintenance	schedule	https://github.com/balajirajput96/ai-assistant-app/actions/runs/37443683807
ai-assistant-app	37405244701	completed	success	2026-10-06T02:40:07Z	2026-10-06T02:40:59Z	main	Atlas Maintenance	schedule	https://github.com/balajirajput96/ai-assistant-app/actions/runs/37405244701
ai-assistant-app	37385729457	completed	success	2026-10-05T22:58:03Z	2026-10-05T22:58:56Z	main	Atlas Maintenance	schedule	https://github.com/balajirajput96/ai-assistant-app/actions/runs/37385729457
ai-automation-platform	38054835171	completed	success	2026-10-10T13:12:30Z	2026-10-10T13:13:17Z	main	npm_and_yarn in /. for @babel/core, @vitest/mocker, axios, axios, axios, axios, axios, axios, axios, axios, axios, axios, baseline-browser-mapping, browserslist, dompurify, esbuild, mysql2, mysql2, picomatch, pnpm, pnpm, pnpm, pnpm, pnpm, pnpm, pnpm, pnpm, pnpm, pnpm, pnpm, pnpm, pnpm, pnpm, pnpm, pnpm, pnpm, pnpm, pnpm, pnpm, pnpm, pnpm, pnpm, pnpm, pnpm, pnpm, postcss, postcss, postcss, postcss, qs, qs, rollup, tar, tar, tar, tar, tar, tar, tar, tar, tar, vite, vite, vite, vite, vite, vite, vite, vite,...	dynamic	https://github.com/balajirajput96/ai-automation-platform/actions/runs/38054835171
ai-automation-platform	37295619743	completed	success	2026-10-05T10:17:20Z	2026-10-05T10:18:09Z	main	npm_and_yarn in /. for @babel/core, @vitest/mocker, axios, axios, axios, axios, axios, axios, axios, axios, axios, baseline-browser-mapping, browserslist, dompurify, esbuild, mysql2, mysql2, picomatch, pnpm, pnpm, pnpm, pnpm, pnpm, pnpm, pnpm, pnpm, pnpm, pnpm, pnpm, pnpm, pnpm, pnpm, pnpm, pnpm, pnpm, pnpm, pnpm, pnpm, pnpm, pnpm, pnpm, pnpm, pnpm, pnpm, postcss, postcss, postcss, postcss, qs, qs, rollup, tar, tar, tar, tar, tar, tar, tar, tar, tar, vite, vite, vite, vite, vite, vite, vite, vite, vite, ...	dynamic	https://github.com/balajirajput96/ai-automation-platform/actions/runs/37295619743
ai-automation-platform	37295306591	completed	success	2026-10-05T10:14:32Z	2026-10-05T10:15:24Z	main	npm_and_yarn in /. for @babel/core, @vitest/mocker, axios, axios, axios, axios, axios, axios, axios, baseline-browser-mapping, browserslist, dompurify, esbuild, mysql2, mysql2, picomatch, pnpm, pnpm, pnpm, pnpm, pnpm, pnpm, pnpm, pnpm, pnpm, pnpm, pnpm, pnpm, pnpm, pnpm, pnpm, pnpm, pnpm, pnpm, pnpm, pnpm, pnpm, pnpm, pnpm, pnpm, pnpm, pnpm, postcss, postcss, postcss, postcss, qs, qs, rollup, tar, tar, tar, tar, tar, tar, tar, tar, tar, vite, vite, vite, vite, vite, vite, vite, vite, vite, vite, vitest, ...	dynamic	https://github.com/balajirajput96/ai-automation-platform/actions/runs/37295306591
ai-automation-platform	37293727921	completed	success	2026-10-05T10:00:17Z	2026-10-05T10:01:10Z	main	npm_and_yarn in /. for @babel/core, @vitest/mocker, axios, axios, axios, axios, axios, axios, axios, baseline-browser-mapping, browserslist, dompurify, esbuild, mysql2, mysql2, picomatch, pnpm, pnpm, pnpm, pnpm, pnpm, pnpm, pnpm, pnpm, pnpm, pnpm, pnpm, pnpm, pnpm, pnpm, pnpm, pnpm, pnpm, pnpm, pnpm, pnpm, pnpm, pnpm, pnpm, pnpm, pnpm, pnpm, postcss, postcss, postcss, postcss, qs, qs, rollup, tar, tar, tar, tar, tar, tar, tar, tar, tar, vite, vite, vite, vite, vite, vite, vite, vite, vite, vite, vitest, ...	dynamic	https://github.com/balajirajput96/ai-automation-platform/actions/runs/37293727921
ai-automation-platform	37279887806	completed	success	2026-10-05T07:49:16Z	2026-10-05T07:50:08Z	main	npm_and_yarn in /. for @babel/core, @vitest/mocker, axios, axios, axios, axios, axios, baseline-browser-mapping, browserslist, dompurify, esbuild, mysql2, mysql2, picomatch, pnpm, pnpm, pnpm, pnpm, pnpm, pnpm, pnpm, pnpm, pnpm, pnpm, pnpm, pnpm, pnpm, pnpm, pnpm, pnpm, pnpm, pnpm, pnpm, pnpm, pnpm, pnpm, pnpm, pnpm, pnpm, pnpm, postcss, postcss, postcss, postcss, qs, qs, rollup, tar, tar, tar, tar, tar, tar, tar, tar, tar, vite, vite, vite, vite, vite, vite, vite, vite, vite, vite, vitest, vitest, vitest...	dynamic	https://github.com/balajirajput96/ai-automation-platform/actions/runs/37279887806
ai-automation-platform	37278608039	completed	success	2026-10-05T07:35:36Z	2026-10-05T07:36:27Z	main	npm_and_yarn in /. for @babel/core, @vitest/mocker, axios, axios, axios, axios, baseline-browser-mapping, browserslist, dompurify, esbuild, mysql2, mysql2, picomatch, pnpm, pnpm, pnpm, pnpm, pnpm, pnpm, pnpm, pnpm, pnpm, pnpm, pnpm, pnpm, pnpm, pnpm, pnpm, pnpm, pnpm, pnpm, pnpm, pnpm, pnpm, pnpm, pnpm, pnpm, pnpm, pnpm, postcss, postcss, postcss, postcss, qs, qs, rollup, tar, tar, tar, tar, tar, tar, tar, tar, tar, vite, vite, vite, vite, vite, vite, vite, vite, vite, vite, vitest, vitest, vitest, vites...	dynamic	https://github.com/balajirajput96/ai-automation-platform/actions/runs/37278608039
ai-automation-platform	37278593288	completed	success	2026-10-05T07:35:26Z	2026-10-05T07:36:16Z	main	npm_and_yarn in /. for @babel/core, @vitest/mocker, axios, axios, axios, baseline-browser-mapping, browserslist, dompurify, esbuild, mysql2, mysql2, picomatch, pnpm, pnpm, pnpm, pnpm, pnpm, pnpm, pnpm, pnpm, pnpm, pnpm, pnpm, pnpm, pnpm, pnpm, pnpm, pnpm, pnpm, pnpm, pnpm, pnpm, pnpm, pnpm, pnpm, pnpm, pnpm, pnpm, postcss, postcss, postcss, postcss, qs, qs, rollup, tar, tar, tar, tar, tar, tar, tar, tar, tar, vite, vite, vite, vite, vite, vite, vite, vite, vite, vite, vitest, vitest, vitest, vitest - Upd...	dynamic	https://github.com/balajirajput96/ai-automation-platform/actions/runs/37278593288
ai-automation-platform	37278460050	completed	success	2026-10-05T07:34:05Z	2026-10-05T07:35:02Z	main	npm_and_yarn in /. for @babel/core, @vitest/mocker, axios, axios, baseline-browser-mapping, browserslist, dompurify, esbuild, mysql2, mysql2, picomatch, pnpm, pnpm, pnpm, pnpm, pnpm, pnpm, pnpm, pnpm, pnpm, pnpm, pnpm, pnpm, pnpm, pnpm, pnpm, pnpm, pnpm, pnpm, pnpm, pnpm, pnpm, pnpm, pnpm, pnpm, pnpm, pnpm, postcss, postcss, postcss, postcss, qs, qs, rollup, tar, tar, tar, tar, tar, tar, tar, tar, tar, vite, vite, vite, vite, vite, vite, vite, vite, vite, vite, vitest, vitest, vitest, vitest - Update #16...	dynamic	https://github.com/balajirajput96/ai-automation-platform/actions/runs/37278460050
ai-automation-platform	37257838000	completed	success	2026-10-05T03:03:22Z	2026-10-05T03:04:12Z	main	npm_and_yarn in /. for @babel/core, @vitest/mocker, axios, baseline-browser-mapping, browserslist, dompurify, esbuild, mysql2, mysql2, picomatch, pnpm, pnpm, pnpm, pnpm, pnpm, pnpm, pnpm, pnpm, pnpm, pnpm, pnpm, pnpm, pnpm, pnpm, pnpm, pnpm, pnpm, pnpm, pnpm, pnpm, pnpm, pnpm, pnpm, pnpm, pnpm, pnpm, postcss, postcss, postcss, postcss, qs, qs, rollup, tar, tar, tar, tar, tar, tar, tar, tar, tar, vite, vite, vite, vite, vite, vite, vite, vite, vite, vite, vitest, vitest, vitest, vitest - Update #1608714154	dynamic	https://github.com/balajirajput96/ai-automation-platform/actions/runs/37257838000
ai-automation-platform	37247725286	completed	success	2026-10-05T00:29:34Z	2026-10-05T00:30:22Z	main	npm_and_yarn in /. for @babel/core, @vitest/mocker, baseline-browser-mapping, browserslist, dompurify, esbuild, mysql2, mysql2, picomatch, pnpm, pnpm, pnpm, pnpm, pnpm, pnpm, pnpm, pnpm, pnpm, pnpm, pnpm, pnpm, pnpm, pnpm, pnpm, pnpm, pnpm, pnpm, pnpm, pnpm, pnpm, pnpm, pnpm, pnpm, pnpm, pnpm, postcss, postcss, postcss, postcss, qs, qs, rollup, tar, tar, tar, tar, tar, tar, tar, tar, tar, vite, vite, vite, vite, vite, vite, vite, vite, vite, vite, vitest, vitest, vitest, vitest - Update #1608398139	dynamic	https://github.com/balajirajput96/ai-automation-platform/actions/runs/37247725286
ai-automation-platform	37239076708	completed	success	2026-10-04T22:11:43Z	2026-10-04T22:12:33Z	main	npm_and_yarn in /. for @babel/core, @vitest/mocker, baseline-browser-mapping, browserslist, dompurify, esbuild, mysql2, mysql2, picomatch, pnpm, pnpm, pnpm, pnpm, pnpm, pnpm, pnpm, pnpm, pnpm, pnpm, pnpm, pnpm, pnpm, pnpm, pnpm, pnpm, pnpm, pnpm, pnpm, pnpm, pnpm, pnpm, pnpm, pnpm, pnpm, pnpm, postcss, postcss, postcss, postcss, qs, qs, rollup, tar, tar, tar, tar, tar, tar, tar, tar, tar, vite, vite, vite, vite, vite, vite, vite, vite, vite, vite, vitest, vitest, vitest, vitest - Update #1608213797	dynamic	https://github.com/balajirajput96/ai-automation-platform/actions/runs/37239076708
ai-automation-platform	34428245970	completed	success	2026-09-10T02:08:17Z	2026-09-10T02:09:24Z	main	npm_and_yarn in /. for @babel/core, @vitest/mocker, baseline-browser-mapping, browserslist, esbuild, mysql2, mysql2, picomatch, pnpm, pnpm, pnpm, pnpm, pnpm, pnpm, pnpm, pnpm, pnpm, pnpm, pnpm, pnpm, pnpm, pnpm, pnpm, pnpm, pnpm, pnpm, pnpm, pnpm, pnpm, pnpm, pnpm, pnpm, pnpm, pnpm, postcss, postcss, postcss, postcss, qs, qs, rollup, tar, tar, tar, tar, tar, tar, tar, tar, tar, vite, vite, vite, vite, vite, vite, vite, vite, vite, vite, vitest, vitest, vitest, vitest - Update #1567559900	dynamic	https://github.com/balajirajput96/ai-automation-platform/actions/runs/34428245970
ai-automation-platform	34426823310	completed	success	2026-09-10T01:46:44Z	2026-09-10T01:47:34Z	main	npm_and_yarn in /. for @babel/core, @vitest/mocker, baseline-browser-mapping, browserslist, esbuild, mysql2, mysql2, picomatch, pnpm, pnpm, pnpm, pnpm, pnpm, pnpm, pnpm, pnpm, pnpm, pnpm, pnpm, pnpm, pnpm, pnpm, pnpm, pnpm, pnpm, pnpm, pnpm, pnpm, pnpm, pnpm, pnpm, pnpm, pnpm, pnpm, postcss, postcss, postcss, postcss, qs, rollup, tar, tar, tar, tar, tar, tar, tar, tar, tar, vite, vite, vite, vite, vite, vite, vite, vite, vite, vite, vitest, vitest, vitest, vitest - Update #1567512124	dynamic	https://github.com/balajirajput96/ai-automation-platform/actions/runs/34426823310
ai-automation-platform	34321172736	completed	success	2026-09-09T06:53:50Z	2026-09-09T06:54:32Z	main	npm_and_yarn in /. for @babel/core, baseline-browser-mapping, browserslist, esbuild, mysql2, mysql2, picomatch, pnpm, pnpm, pnpm, pnpm, pnpm, pnpm, pnpm, pnpm, pnpm, pnpm, pnpm, pnpm, pnpm, pnpm, pnpm, pnpm, pnpm, pnpm, pnpm, pnpm, pnpm, pnpm, pnpm, pnpm, pnpm, pnpm, postcss, postcss, postcss, postcss, qs, rollup, tar, tar, tar, tar, tar, tar, tar, tar, tar, vite, vite, vite, vite, vite, vite, vite, vite, vite, vite, vitest, vitest, vitest - Update #1565484105	dynamic	https://github.com/balajirajput96/ai-automation-platform/actions/runs/34321172736
ai-automation-platform	34318575210	completed	success	2026-09-09T06:19:51Z	2026-09-09T06:20:37Z	main	npm_and_yarn in /. for @babel/core, baseline-browser-mapping, browserslist, esbuild, mysql2, mysql2, picomatch, pnpm, pnpm, pnpm, pnpm, pnpm, pnpm, pnpm, pnpm, pnpm, pnpm, pnpm, pnpm, pnpm, pnpm, pnpm, pnpm, pnpm, pnpm, pnpm, pnpm, pnpm, pnpm, pnpm, pnpm, pnpm, pnpm, postcss, postcss, postcss, postcss, qs, rollup, tar, tar, tar, tar, tar, tar, tar, tar, tar, vite, vite, vite, vite, vite, vite, vite, vite, vite, vite, vitest, vitest - Update #1565425707	dynamic	https://github.com/balajirajput96/ai-automation-platform/actions/runs/34318575210
ai-automation-platform	34317251923	completed	success	2026-09-09T06:01:26Z	2026-09-09T06:02:07Z	main	npm_and_yarn in /. for @babel/core, baseline-browser-mapping, browserslist, esbuild, mysql2, mysql2, picomatch, pnpm, pnpm, pnpm, pnpm, pnpm, pnpm, pnpm, pnpm, pnpm, pnpm, pnpm, pnpm, pnpm, pnpm, pnpm, pnpm, pnpm, pnpm, pnpm, pnpm, pnpm, pnpm, pnpm, pnpm, pnpm, pnpm, postcss, postcss, postcss, postcss, qs, rollup, tar, tar, tar, tar, tar, tar, tar, tar, tar, vite, vite, vite, vite, vite, vite, vite, vite, vite, vite, vitest, vitest - Update #1565387243	dynamic	https://github.com/balajirajput96/ai-automation-platform/actions/runs/34317251923
ai-automation-platform	34064334193	completed	success	2026-09-06T22:32:50Z	2026-09-06T22:33:36Z	main	npm_and_yarn in /. for @babel/core, esbuild, mysql2, mysql2, picomatch, pnpm, pnpm, pnpm, pnpm, pnpm, pnpm, pnpm, pnpm, pnpm, pnpm, pnpm, pnpm, pnpm, pnpm, pnpm, pnpm, pnpm, pnpm, pnpm, pnpm, pnpm, pnpm, pnpm, pnpm, pnpm, pnpm, postcss, postcss, postcss, postcss, qs, rollup, tar, tar, tar, tar, tar, tar, tar, tar, tar, vite, vite, vite, vite, vite, vite, vite, vite, vite, vite, vitest, vitest - Update #1559804417	dynamic	https://github.com/balajirajput96/ai-automation-platform/actions/runs/34064334193
ai-automation-platform	33756041094	completed	success	2026-09-03T12:35:00Z	2026-09-03T12:35:57Z	main	npm_and_yarn in /. for @babel/core, esbuild, mysql2, mysql2, picomatch, pnpm, pnpm, pnpm, pnpm, pnpm, pnpm, pnpm, pnpm, pnpm, pnpm, pnpm, pnpm, pnpm, pnpm, pnpm, pnpm, pnpm, pnpm, pnpm, pnpm, pnpm, pnpm, pnpm, pnpm, pnpm, pnpm, postcss, postcss, postcss, postcss, rollup, tar, tar, tar, tar, tar, tar, tar, tar, tar, vite, vite, vite, vite, vite, vite, vite, vite, vite, vite, vitest, vitest - Update #1555229377	dynamic	https://github.com/balajirajput96/ai-automation-platform/actions/runs/33756041094
ai-automation-platform	33724862443	completed	success	2026-09-03T06:47:13Z	2026-09-03T06:47:55Z	main	npm_and_yarn in /. for @babel/core, esbuild, mysql2, picomatch, pnpm, pnpm, pnpm, pnpm, pnpm, pnpm, pnpm, pnpm, pnpm, pnpm, pnpm, pnpm, pnpm, pnpm, pnpm, pnpm, pnpm, pnpm, pnpm, pnpm, pnpm, pnpm, pnpm, pnpm, pnpm, pnpm, postcss, postcss, postcss, postcss, rollup, tar, tar, tar, tar, tar, tar, tar, tar, tar, vite, vite, vite, vite, vite, vite, vite, vite, vite, vite, vitest, vitest - Update #1554343984	dynamic	https://github.com/balajirajput96/ai-automation-platform/actions/runs/33724862443
ai-automation-platform	33650385261	completed	success	2026-09-02T15:43:21Z	2026-09-02T15:44:06Z	main	npm_and_yarn in /. for @babel/core, esbuild, mysql2, picomatch, pnpm, pnpm, pnpm, pnpm, pnpm, pnpm, pnpm, pnpm, pnpm, pnpm, pnpm, pnpm, pnpm, pnpm, pnpm, pnpm, pnpm, pnpm, pnpm, pnpm, pnpm, pnpm, pnpm, pnpm, pnpm, pnpm, postcss, postcss, postcss, postcss, rollup, tar, tar, tar, tar, tar, tar, tar, tar, tar, vite, vite, vite, vite, vite, vite, vite, vite, vite, vite, vitest, vitest - Update #1552438479	dynamic	https://github.com/balajirajput96/ai-automation-platform/actions/runs/33650385261
antigravity-pharma-dashboard	38053077032	completed	success	2026-10-10T12:44:34Z	2026-10-10T12:45:26Z	main	npm_and_yarn in /., /firebase-migration/functions, /firebase-migration/hosting for @grpc/grpc-js, @grpc/grpc-js, @grpc/grpc-js, @vitest/mocker, axios, axios, axios, axios, axios, axios, axios, axios, axios, axios, baseline-browser-mapping, browserslist, dompurify, esbuild, mysql2, mysql2, qs, qs, qs, qs, vitest - Update #1620572531	dynamic	https://github.com/balajirajput96/antigravity-pharma-dashboard/actions/runs/38053077032
antigravity-pharma-dashboard	37710913123	completed	success	2026-10-08T01:02:45Z	2026-10-08T01:03:48Z	main	npm_and_yarn in /., /firebase-migration/functions, /firebase-migration/hosting for @grpc/grpc-js, @grpc/grpc-js, @vitest/mocker, axios, axios, axios, axios, axios, axios, axios, axios, axios, baseline-browser-mapping, browserslist, dompurify, esbuild, mysql2, mysql2, qs, qs, qs, qs, vitest - Update #1616322614	dynamic	https://github.com/balajirajput96/antigravity-pharma-dashboard/actions/runs/37710913123
antigravity-pharma-dashboard	37710118598	completed	success	2026-10-08T00:53:39Z	2026-10-08T00:54:32Z	main	npm_and_yarn in /., /firebase-migration/functions for @grpc/grpc-js, @vitest/mocker, axios, axios, axios, axios, axios, axios, axios, axios, axios, baseline-browser-mapping, browserslist, dompurify, esbuild, mysql2, mysql2, qs, qs, qs, qs, vitest - Update #1616311425	dynamic	https://github.com/balajirajput96/antigravity-pharma-dashboard/actions/runs/37710118598
antigravity-pharma-dashboard	37347721616	completed	success	2026-10-05T17:20:45Z	2026-10-05T17:21:43Z	main	npm_and_yarn in /., /firebase-migration/functions for @vitest/mocker, axios, axios, axios, axios, axios, axios, axios, axios, axios, baseline-browser-mapping, browserslist, dompurify, esbuild, mysql2, mysql2, qs, qs, qs, qs, vitest - Update #1610933056	dynamic	https://github.com/balajirajput96/antigravity-pharma-dashboard/actions/runs/37347721616
antigravity-pharma-dashboard	37305346104	completed	success	2026-10-05T11:48:48Z	2026-10-05T11:49:52Z	main	npm_and_yarn in /., /firebase-migration/functions for @vitest/mocker, axios, axios, axios, axios, axios, axios, axios, axios, baseline-browser-mapping, browserslist, dompurify, esbuild, mysql2, mysql2, qs, qs, qs, qs, vitest - Update #1610152087	dynamic	https://github.com/balajirajput96/antigravity-pharma-dashboard/actions/runs/37305346104
antigravity-pharma-dashboard	37304900969	completed	success	2026-10-05T11:44:42Z	2026-10-05T11:45:35Z	main	npm_and_yarn in /., /firebase-migration/functions for @vitest/mocker, axios, axios, axios, axios, axios, axios, axios, axios, baseline-browser-mapping, browserslist, dompurify, esbuild, mysql2, mysql2, qs, qs, qs, qs, vitest - Update #1610147336	dynamic	https://github.com/balajirajput96/antigravity-pharma-dashboard/actions/runs/37304900969
antigravity-pharma-dashboard	37303378199	completed	success	2026-10-05T11:30:32Z	2026-10-05T11:31:31Z	main	npm_and_yarn in /., /firebase-migration/functions for @vitest/mocker, axios, axios, axios, axios, axios, axios, baseline-browser-mapping, browserslist, dompurify, esbuild, mysql2, mysql2, qs, qs, qs, qs, vitest - Update #1610113700	dynamic	https://github.com/balajirajput96/antigravity-pharma-dashboard/actions/runs/37303378199
antigravity-pharma-dashboard	37290671745	completed	success	2026-10-05T09:32:08Z	2026-10-05T09:33:12Z	main	npm_and_yarn in /., /firebase-migration/functions for @vitest/mocker, axios, axios, axios, axios, axios, baseline-browser-mapping, browserslist, dompurify, esbuild, mysql2, mysql2, qs, qs, qs, qs, vitest - Update #1609817940	dynamic	https://github.com/balajirajput96/antigravity-pharma-dashboard/actions/runs/37290671745
antigravity-pharma-dashboard	37288102363	completed	success	2026-10-05T09:08:46Z	2026-10-05T09:09:41Z	main	npm_and_yarn in /., /firebase-migration/functions for @vitest/mocker, axios, axios, axios, baseline-browser-mapping, browserslist, dompurify, esbuild, mysql2, mysql2, qs, qs, qs, qs, vitest - Update #1609732909	dynamic	https://github.com/balajirajput96/antigravity-pharma-dashboard/actions/runs/37288102363
antigravity-pharma-dashboard	37287929342	completed	success	2026-10-05T09:07:09Z	2026-10-05T09:07:59Z	main	npm_and_yarn in /., /firebase-migration/functions for @vitest/mocker, axios, axios, axios, baseline-browser-mapping, browserslist, dompurify, esbuild, mysql2, mysql2, qs, qs, qs, qs, vitest - Update #1609727350	dynamic	https://github.com/balajirajput96/antigravity-pharma-dashboard/actions/runs/37287929342
antigravity-pharma-dashboard	37261359939	completed	success	2026-10-05T03:55:43Z	2026-10-05T03:56:37Z	main	npm_and_yarn in /., /firebase-migration/functions for @vitest/mocker, axios, baseline-browser-mapping, browserslist, dompurify, esbuild, mysql2, mysql2, qs, qs, qs, qs, vitest - Update #1608854691	dynamic	https://github.com/balajirajput96/antigravity-pharma-dashboard/actions/runs/37261359939
antigravity-pharma-dashboard	37251991689	completed	success	2026-10-05T01:35:08Z	2026-10-05T01:35:59Z	main	npm_and_yarn in /., /firebase-migration/functions for @vitest/mocker, baseline-browser-mapping, browserslist, dompurify, esbuild, mysql2, mysql2, qs, qs, qs, qs, vitest - Update #1608541708	dynamic	https://github.com/balajirajput96/antigravity-pharma-dashboard/actions/runs/37251991689
antigravity-pharma-dashboard	37242927407	completed	success	2026-10-04T23:12:42Z	2026-10-04T23:13:47Z	main	npm_and_yarn in /., /firebase-migration/functions for @vitest/mocker, baseline-browser-mapping, browserslist, dompurify, esbuild, mysql2, mysql2, qs, qs, qs, qs, vitest - Update #1608272844	dynamic	https://github.com/balajirajput96/antigravity-pharma-dashboard/actions/runs/37242927407
antigravity-pharma-dashboard	34553517088	completed	success	2026-09-11T02:09:25Z	2026-09-11T02:10:21Z	main	npm_and_yarn in /., /firebase-migration/functions for @vitest/mocker, baseline-browser-mapping, browserslist, esbuild, mysql2, mysql2, qs, qs, qs, qs - Update #1570304455	dynamic	https://github.com/balajirajput96/antigravity-pharma-dashboard/actions/runs/34553517088
antigravity-pharma-dashboard	34460173778	completed	success	2026-09-10T09:21:22Z	2026-09-10T09:22:17Z	main	npm_and_yarn in /., /firebase-migration/functions for @vitest/mocker, baseline-browser-mapping, browserslist, esbuild, mysql2, mysql2, qs, qs, qs, qs - Update #1568439172	dynamic	https://github.com/balajirajput96/antigravity-pharma-dashboard/actions/runs/34460173778
antigravity-pharma-dashboard	34429644182	completed	success	2026-09-10T02:29:28Z	2026-09-10T02:30:19Z	main	npm_and_yarn in /., /firebase-migration/functions for baseline-browser-mapping, browserslist, esbuild, mysql2, mysql2, qs, qs - Update #1567606598	dynamic	https://github.com/balajirajput96/antigravity-pharma-dashboard/actions/runs/34429644182
antigravity-pharma-dashboard	34319342649	completed	success	2026-09-09T06:30:08Z	2026-09-09T06:30:51Z	main	npm_and_yarn in /., /firebase-migration/functions for browserslist, esbuild, mysql2, mysql2, qs, qs - Update #1565442423	dynamic	https://github.com/balajirajput96/antigravity-pharma-dashboard/actions/runs/34319342649
antigravity-pharma-dashboard	34064352982	completed	success	2026-09-06T22:33:12Z	2026-09-06T22:34:03Z	main	npm_and_yarn in /., /firebase-migration/functions for esbuild, mysql2, mysql2, qs, qs - Update #1559805064	dynamic	https://github.com/balajirajput96/antigravity-pharma-dashboard/actions/runs/34064352982
antigravity-pharma-dashboard	33757935198	completed	success	2026-09-03T12:54:26Z	2026-09-03T12:55:24Z	main	npm_and_yarn in /., /firebase-migration/functions for esbuild, mysql2, mysql2, qs, qs - Update #1555279147	dynamic	https://github.com/balajirajput96/antigravity-pharma-dashboard/actions/runs/33757935198
antigravity-pharma-dashboard	33725409651	completed	success	2026-09-03T06:54:02Z	2026-09-03T06:54:36Z	dependabot/npm_and_yarn/npm_and_yarn-8a330343b4	Verify application	pull_request	https://github.com/balajirajput96/antigravity-pharma-dashboard/actions/runs/33725409651
atlas-ai-assistant	38037406478	completed	success	2026-10-10T08:18:13Z	2026-10-10T08:19:27Z	main	Atlas Maintenance	schedule	https://github.com/balajirajput96/atlas-ai-assistant/actions/runs/38037406478
atlas-ai-assistant	38013795895	completed	success	2026-10-10T01:35:59Z	2026-10-10T01:37:07Z	main	Atlas Maintenance	schedule	https://github.com/balajirajput96/atlas-ai-assistant/actions/runs/38013795895
atlas-ai-assistant	37993959209	completed	success	2026-10-09T21:31:24Z	2026-10-09T21:32:36Z	main	Atlas Maintenance	schedule	https://github.com/balajirajput96/atlas-ai-assistant/actions/runs/37993959209
atlas-ai-assistant	37956029570	completed	success	2026-10-09T16:01:13Z	2026-10-09T16:02:12Z	main	Atlas Maintenance	schedule	https://github.com/balajirajput96/atlas-ai-assistant/actions/runs/37956029570
atlas-ai-assistant	37907306474	completed	success	2026-10-09T08:49:05Z	2026-10-09T08:50:04Z	main	Atlas Maintenance	schedule	https://github.com/balajirajput96/atlas-ai-assistant/actions/runs/37907306474
atlas-ai-assistant	37872090278	completed	success	2026-10-09T01:55:28Z	2026-10-09T01:56:23Z	main	Atlas Maintenance	schedule	https://github.com/balajirajput96/atlas-ai-assistant/actions/runs/37872090278
atlas-ai-assistant	37850106166	completed	success	2026-10-08T21:55:28Z	2026-10-08T21:56:47Z	main	Atlas Maintenance	schedule	https://github.com/balajirajput96/atlas-ai-assistant/actions/runs/37850106166
atlas-ai-assistant	37828782946	completed	success	2026-10-08T19:01:19Z	2026-10-08T19:02:07Z	main	npm_and_yarn in /. for @humanfs/node, @vitest/mocker, @xmldom/xmldom, @xmldom/xmldom, @xmldom/xmldom, @xmldom/xmldom, @xmldom/xmldom, @xmldom/xmldom, @xmldom/xmldom, @xmldom/xmldom, axios, axios, axios, baseline-browser-mapping, browserslist, browserslist, decode-uri-component, esbuild, esbuild, fast-uri, fast-uri, fast-uri, fast-uri, image-size, image-size, js-yaml, js-yaml, js-yaml, js-yaml, js-yaml, mysql2, mysql2, postcss, postcss, postcss, postcss, postcss-selector-parser, qs, qs, undici, undici, uu...	dynamic	https://github.com/balajirajput96/atlas-ai-assistant/actions/runs/37828782946
atlas-ai-assistant	37807546781	completed	success	2026-10-08T16:16:53Z	2026-10-08T16:18:04Z	main	Atlas Maintenance	schedule	https://github.com/balajirajput96/atlas-ai-assistant/actions/runs/37807546781
atlas-ai-assistant	37753908862	completed	success	2026-10-08T09:02:38Z	2026-10-08T09:03:24Z	main	npm_and_yarn in /. for @humanfs/node, @vitest/mocker, @xmldom/xmldom, @xmldom/xmldom, @xmldom/xmldom, @xmldom/xmldom, @xmldom/xmldom, @xmldom/xmldom, @xmldom/xmldom, @xmldom/xmldom, axios, baseline-browser-mapping, browserslist, browserslist, decode-uri-component, esbuild, esbuild, fast-uri, fast-uri, fast-uri, fast-uri, image-size, image-size, js-yaml, js-yaml, js-yaml, js-yaml, js-yaml, mysql2, mysql2, postcss, postcss, postcss, postcss, postcss-selector-parser, qs, qs, undici, undici, uuid, vitest, vi...	dynamic	https://github.com/balajirajput96/atlas-ai-assistant/actions/runs/37753908862
atlas-ai-assistant	37751529145	completed	success	2026-10-08T08:41:38Z	2026-10-08T08:42:33Z	main	Atlas Maintenance	schedule	https://github.com/balajirajput96/atlas-ai-assistant/actions/runs/37751529145
atlas-ai-assistant	37721960536	completed	success	2026-10-08T03:16:43Z	2026-10-08T03:17:36Z	main	npm_and_yarn in /. for @humanfs/node, @vitest/mocker, @xmldom/xmldom, @xmldom/xmldom, @xmldom/xmldom, @xmldom/xmldom, @xmldom/xmldom, @xmldom/xmldom, @xmldom/xmldom, @xmldom/xmldom, baseline-browser-mapping, browserslist, browserslist, decode-uri-component, esbuild, esbuild, fast-uri, fast-uri, fast-uri, fast-uri, image-size, image-size, js-yaml, js-yaml, js-yaml, js-yaml, js-yaml, mysql2, mysql2, postcss, postcss, postcss, postcss, postcss-selector-parser, qs, qs, undici, undici, uuid, vitest, vitest - ...	dynamic	https://github.com/balajirajput96/atlas-ai-assistant/actions/runs/37721960536
atlas-ai-assistant	37714140655	completed	success	2026-10-08T01:41:01Z	2026-10-08T01:42:21Z	main	Atlas Maintenance	schedule	https://github.com/balajirajput96/atlas-ai-assistant/actions/runs/37714140655
atlas-ai-assistant	37692362789	completed	success	2026-10-07T21:51:59Z	2026-10-07T21:53:22Z	main	Atlas Maintenance	schedule	https://github.com/balajirajput96/atlas-ai-assistant/actions/runs/37692362789
atlas-ai-assistant	37650607843	completed	success	2026-10-07T16:15:30Z	2026-10-07T16:16:41Z	main	Atlas Maintenance	schedule	https://github.com/balajirajput96/atlas-ai-assistant/actions/runs/37650607843
atlas-ai-assistant	37593719111	completed	success	2026-10-07T08:26:01Z	2026-10-07T08:27:19Z	main	Atlas Maintenance	schedule	https://github.com/balajirajput96/atlas-ai-assistant/actions/runs/37593719111
atlas-ai-assistant	37556609469	completed	success	2026-10-07T01:20:35Z	2026-10-07T01:21:36Z	main	Atlas Maintenance	schedule	https://github.com/balajirajput96/atlas-ai-assistant/actions/runs/37556609469
atlas-ai-assistant	37534517567	completed	success	2026-10-06T21:31:41Z	2026-10-06T21:32:32Z	main	Atlas Maintenance	schedule	https://github.com/balajirajput96/atlas-ai-assistant/actions/runs/37534517567
atlas-ai-assistant	37497706976	completed	success	2026-10-06T16:41:38Z	2026-10-06T16:42:49Z	main	Atlas Maintenance	schedule	https://github.com/balajirajput96/atlas-ai-assistant/actions/runs/37497706976
atlas-ai-assistant	37446702201	completed	success	2026-10-06T09:59:07Z	2026-10-06T10:00:16Z	main	Atlas Maintenance	schedule	https://github.com/balajirajput96/atlas-ai-assistant/actions/runs/37446702201
automation-control-center	38043770102	completed	success	2026-10-10T10:06:50Z	2026-10-10T10:07:02Z	main	Automation Control Health	schedule	https://github.com/balajirajput96/automation-control-center/actions/runs/38043770102
automation-control-center	38041453543	completed	success	2026-10-10T09:27:33Z	2026-10-10T09:27:44Z	main	Hourly GitHub audit continuation	schedule	https://github.com/balajirajput96/automation-control-center/actions/runs/38041453543
automation-control-center	38015749380	completed	success	2026-10-10T02:06:42Z	2026-10-10T02:06:55Z	main	Hourly GitHub audit continuation	schedule	https://github.com/balajirajput96/automation-control-center/actions/runs/38015749380
automation-control-center	37998509554	completed	success	2026-10-09T22:18:44Z	2026-10-09T22:18:57Z	main	Hourly GitHub audit continuation	schedule	https://github.com/balajirajput96/automation-control-center/actions/runs/37998509554
automation-control-center	37965522566	completed	success	2026-10-09T17:20:08Z	2026-10-09T17:20:22Z	main	Hourly GitHub audit continuation	schedule	https://github.com/balajirajput96/automation-control-center/actions/runs/37965522566
automation-control-center	37920361823	completed	success	2026-10-09T10:53:29Z	2026-10-09T10:53:39Z	main	Automation Control Health	schedule	https://github.com/balajirajput96/automation-control-center/actions/runs/37920361823
automation-control-center	37915516488	completed	success	2026-10-09T10:06:17Z	2026-10-09T10:06:27Z	main	Hourly GitHub audit continuation	schedule	https://github.com/balajirajput96/automation-control-center/actions/runs/37915516488
automation-control-center	37876580005	completed	success	2026-10-09T02:51:53Z	2026-10-09T02:52:07Z	main	Hourly GitHub audit continuation	schedule	https://github.com/balajirajput96/automation-control-center/actions/runs/37876580005
automation-control-center	37856651331	completed	success	2026-10-08T22:57:26Z	2026-10-08T22:57:40Z	main	Hourly GitHub audit continuation	schedule	https://github.com/balajirajput96/automation-control-center/actions/runs/37856651331
automation-control-center	37818836215	completed	success	2026-10-08T17:44:01Z	2026-10-08T17:44:12Z	main	Hourly GitHub audit continuation	schedule	https://github.com/balajirajput96/automation-control-center/actions/runs/37818836215
automation-control-center	37766581237	completed	success	2026-10-08T10:54:40Z	2026-10-08T10:54:51Z	main	Automation Control Health	schedule	https://github.com/balajirajput96/automation-control-center/actions/runs/37766581237
automation-control-center	37760966313	completed	success	2026-10-08T10:03:49Z	2026-10-08T10:04:03Z	main	Hourly GitHub audit continuation	schedule	https://github.com/balajirajput96/automation-control-center/actions/runs/37760966313
automation-control-center	37718405438	completed	success	2026-10-08T02:32:53Z	2026-10-08T02:33:04Z	main	Hourly GitHub audit continuation	schedule	https://github.com/balajirajput96/automation-control-center/actions/runs/37718405438
automation-control-center	37698294101	completed	success	2026-10-07T22:46:31Z	2026-10-07T22:46:43Z	main	Hourly GitHub audit continuation	schedule	https://github.com/balajirajput96/automation-control-center/actions/runs/37698294101
automation-control-center	37657859810	completed	success	2026-10-07T17:17:02Z	2026-10-07T17:17:15Z	main	Hourly GitHub audit continuation	schedule	https://github.com/balajirajput96/automation-control-center/actions/runs/37657859810
automation-control-center	37608204335	completed	success	2026-10-07T10:33:36Z	2026-10-07T10:33:46Z	main	Automation Control Health	schedule	https://github.com/balajirajput96/automation-control-center/actions/runs/37608204335
automation-control-center	37603554869	completed	success	2026-10-07T09:52:14Z	2026-10-07T09:52:24Z	main	Hourly GitHub audit continuation	schedule	https://github.com/balajirajput96/automation-control-center/actions/runs/37603554869
automation-control-center	37560423075	completed	success	2026-10-07T02:07:00Z	2026-10-07T02:07:11Z	main	Hourly GitHub audit continuation	schedule	https://github.com/balajirajput96/automation-control-center/actions/runs/37560423075
automation-control-center	37543417770	completed	success	2026-10-06T22:53:42Z	2026-10-06T22:53:55Z	main	Hourly GitHub audit continuation	schedule	https://github.com/balajirajput96/automation-control-center/actions/runs/37543417770
automation-control-center	37513955882	completed	success	2026-10-06T18:47:05Z	2026-10-06T18:47:22Z	main	Hourly GitHub audit continuation	schedule	https://github.com/balajirajput96/automation-control-center/actions/runs/37513955882
automation-control-center-app	38045958141	completed	success	2026-10-10T10:44:33Z	2026-10-10T10:44:53Z	main	Automation Control Center Health	schedule	https://github.com/balajirajput96/automation-control-center-app/actions/runs/38045958141
automation-control-center-app	38044113794	completed	success	2026-10-10T10:12:45Z	2026-10-10T10:12:58Z	main	Hourly Engineering Continuation	schedule	https://github.com/balajirajput96/automation-control-center-app/actions/runs/38044113794
automation-control-center-app	38042840059	completed	success	2026-10-10T09:51:00Z	2026-10-10T09:51:13Z	main	GitHub Health Inventory	schedule	https://github.com/balajirajput96/automation-control-center-app/actions/runs/38042840059
automation-control-center-app	38019792161	completed	success	2026-10-10T03:13:18Z	2026-10-10T03:13:32Z	main	Hourly Engineering Continuation	schedule	https://github.com/balajirajput96/automation-control-center-app/actions/runs/38019792161
automation-control-center-app	38005529511	completed	success	2026-10-09T23:39:57Z	2026-10-09T23:40:14Z	main	Hourly Engineering Continuation	schedule	https://github.com/balajirajput96/automation-control-center-app/actions/runs/38005529511
automation-control-center-app	37983204739	completed	success	2026-10-09T19:52:38Z	2026-10-09T19:52:55Z	main	Hourly Engineering Continuation	schedule	https://github.com/balajirajput96/automation-control-center-app/actions/runs/37983204739
automation-control-center-app	37941043927	completed	success	2026-10-09T14:01:01Z	2026-10-09T14:01:18Z	main	Hourly Engineering Continuation	schedule	https://github.com/balajirajput96/automation-control-center-app/actions/runs/37941043927
automation-control-center-app	37923793895	completed	success	2026-10-09T11:27:04Z	2026-10-09T11:27:34Z	main	Automation Control Center Health	schedule	https://github.com/balajirajput96/automation-control-center-app/actions/runs/37923793895
automation-control-center-app	37918398056	completed	success	2026-10-09T10:34:06Z	2026-10-09T10:34:19Z	main	GitHub Health Inventory	schedule	https://github.com/balajirajput96/automation-control-center-app/actions/runs/37918398056
automation-control-center-app	37896150082	completed	success	2026-10-09T06:55:54Z	2026-10-09T06:56:10Z	main	Hourly Engineering Continuation	schedule	https://github.com/balajirajput96/automation-control-center-app/actions/runs/37896150082
automation-control-center-app	37866576786	completed	success	2026-10-09T00:47:45Z	2026-10-09T00:48:02Z	main	Hourly Engineering Continuation	schedule	https://github.com/balajirajput96/automation-control-center-app/actions/runs/37866576786
automation-control-center-app	37838592745	completed	success	2026-10-08T20:19:35Z	2026-10-08T20:19:51Z	main	Hourly Engineering Continuation	schedule	https://github.com/balajirajput96/automation-control-center-app/actions/runs/37838592745
automation-control-center-app	37832750995	completed	success	2026-10-08T19:32:45Z	2026-10-08T19:33:41Z	main	npm_and_yarn in /. for @babel/core, @smithy/config-resolver, @vitest/mocker, baseline-browser-mapping, body-parser, browserslist, dompurify, dompurify, dompurify, dompurify, dompurify, dompurify, dompurify, dompurify, dompurify, dompurify, dompurify, dompurify, dompurify, dompurify, dompurify, dompurify, dompurify, dompurify, esbuild, esbuild, fast-xml-parser, fast-xml-parser, fast-xml-parser, fast-xml-parser, fast-xml-parser, fast-xml-parser, fast-xml-parser, lodash, lodash, lodash, lodash-es, lodash-es...	dynamic	https://github.com/balajirajput96/automation-control-center-app/actions/runs/37832750995
automation-control-center-app	37790241165	completed	success	2026-10-08T14:10:05Z	2026-10-08T14:10:22Z	main	Hourly Engineering Continuation	schedule	https://github.com/balajirajput96/automation-control-center-app/actions/runs/37790241165
automation-control-center-app	37770683467	completed	success	2026-10-08T11:32:07Z	2026-10-08T11:32:37Z	main	Automation Control Center Health	schedule	https://github.com/balajirajput96/automation-control-center-app/actions/runs/37770683467
automation-control-center-app	37764475429	completed	success	2026-10-08T10:35:30Z	2026-10-08T10:35:45Z	main	GitHub Health Inventory	schedule	https://github.com/balajirajput96/automation-control-center-app/actions/runs/37764475429
automation-control-center-app	37739560309	completed	success	2026-10-08T06:47:17Z	2026-10-08T06:47:33Z	main	Hourly Engineering Continuation	schedule	https://github.com/balajirajput96/automation-control-center-app/actions/runs/37739560309
automation-control-center-app	37708307436	completed	success	2026-10-08T00:32:32Z	2026-10-08T00:32:46Z	main	Hourly Engineering Continuation	schedule	https://github.com/balajirajput96/automation-control-center-app/actions/runs/37708307436
automation-control-center-app	37680896590	completed	success	2026-10-07T20:17:37Z	2026-10-07T20:17:51Z	main	Hourly Engineering Continuation	schedule	https://github.com/balajirajput96/automation-control-center-app/actions/runs/37680896590
automation-control-center-app	37640356278	completed	success	2026-10-07T14:52:21Z	2026-10-07T14:52:36Z	main	Hourly Engineering Continuation	schedule	https://github.com/balajirajput96/automation-control-center-app/actions/runs/37640356278
autonomous-ai-assistant	37600188079	completed	success	2026-10-07T09:22:43Z	2026-10-07T09:23:38Z	main	npm_and_yarn in /. for @babel/core, @humanfs/node, @vitest/mocker, @xmldom/xmldom, @xmldom/xmldom, @xmldom/xmldom, @xmldom/xmldom, @xmldom/xmldom, @xmldom/xmldom, @xmldom/xmldom, @xmldom/xmldom, @xmldom/xmldom, @xmldom/xmldom, axios, axios, axios, axios, axios, axios, axios, axios, axios, axios, axios, axios, axios, axios, axios, axios, axios, axios, axios, axios, baseline-browser-mapping, body-parser, brace-expansion, brace-expansion, brace-expansion, brace-expansion, brace-expansion, brace-expansion, b...	dynamic	https://github.com/balajirajput96/autonomous-ai-assistant/actions/runs/37600188079
autonomous-ai-assistant	37460835554	completed	success	2026-10-06T12:05:46Z	2026-10-06T12:06:49Z	main	npm_and_yarn in /. for @babel/core, @humanfs/node, @vitest/mocker, @xmldom/xmldom, @xmldom/xmldom, @xmldom/xmldom, @xmldom/xmldom, @xmldom/xmldom, @xmldom/xmldom, @xmldom/xmldom, @xmldom/xmldom, @xmldom/xmldom, @xmldom/xmldom, axios, axios, axios, axios, axios, axios, axios, axios, axios, axios, axios, axios, axios, axios, axios, axios, axios, axios, axios, axios, baseline-browser-mapping, body-parser, brace-expansion, brace-expansion, brace-expansion, brace-expansion, brace-expansion, brace-expansion, b...	dynamic	https://github.com/balajirajput96/autonomous-ai-assistant/actions/runs/37460835554
autonomous-ai-assistant	37455167189	completed	success	2026-10-06T11:15:13Z	2026-10-06T11:16:09Z	main	npm_and_yarn in /. for @babel/core, @humanfs/node, @vitest/mocker, @xmldom/xmldom, @xmldom/xmldom, @xmldom/xmldom, @xmldom/xmldom, @xmldom/xmldom, @xmldom/xmldom, @xmldom/xmldom, @xmldom/xmldom, @xmldom/xmldom, @xmldom/xmldom, axios, axios, axios, axios, axios, axios, axios, axios, axios, axios, axios, axios, axios, axios, axios, axios, axios, axios, axios, axios, baseline-browser-mapping, body-parser, brace-expansion, brace-expansion, brace-expansion, brace-expansion, brace-expansion, brace-expansion, b...	dynamic	https://github.com/balajirajput96/autonomous-ai-assistant/actions/runs/37455167189
autonomous-ai-assistant	37113962178	completed	success	2026-10-03T09:42:37Z	2026-10-03T09:43:25Z	main	npm_and_yarn in /. for @babel/core, @humanfs/node, @vitest/mocker, @xmldom/xmldom, @xmldom/xmldom, @xmldom/xmldom, @xmldom/xmldom, @xmldom/xmldom, @xmldom/xmldom, @xmldom/xmldom, @xmldom/xmldom, @xmldom/xmldom, @xmldom/xmldom, axios, axios, axios, axios, axios, axios, axios, axios, axios, axios, axios, axios, axios, axios, axios, axios, axios, axios, axios, axios, baseline-browser-mapping, body-parser, brace-expansion, brace-expansion, brace-expansion, brace-expansion, brace-expansion, brace-expansion, b...	dynamic	https://github.com/balajirajput96/autonomous-ai-assistant/actions/runs/37113962178
autonomous-ai-assistant	36824495412	completed	success	2026-10-01T06:23:13Z	2026-10-01T06:24:07Z	main	npm_and_yarn in /. for @babel/core, @humanfs/node, @vitest/mocker, @xmldom/xmldom, @xmldom/xmldom, @xmldom/xmldom, @xmldom/xmldom, @xmldom/xmldom, @xmldom/xmldom, @xmldom/xmldom, @xmldom/xmldom, @xmldom/xmldom, @xmldom/xmldom, axios, axios, axios, axios, axios, axios, axios, axios, axios, axios, axios, axios, axios, axios, axios, axios, axios, axios, axios, axios, axios, axios, baseline-browser-mapping, body-parser, brace-expansion, brace-expansion, brace-expansion, brace-expansion, brace-expansion, brac...	dynamic	https://github.com/balajirajput96/autonomous-ai-assistant/actions/runs/36824495412
autonomous-ai-assistant	36202298718	completed	success	2026-09-25T23:46:27Z	2026-09-25T23:47:10Z	main	npm_and_yarn in /. for @babel/core, @humanfs/node, @vitest/mocker, @xmldom/xmldom, @xmldom/xmldom, @xmldom/xmldom, @xmldom/xmldom, @xmldom/xmldom, @xmldom/xmldom, @xmldom/xmldom, @xmldom/xmldom, @xmldom/xmldom, @xmldom/xmldom, axios, axios, axios, axios, axios, axios, axios, axios, axios, axios, axios, axios, axios, axios, axios, axios, axios, axios, axios, axios, axios, axios, axios, baseline-browser-mapping, body-parser, brace-expansion, brace-expansion, brace-expansion, brace-expansion, brace-expansio...	dynamic	https://github.com/balajirajput96/autonomous-ai-assistant/actions/runs/36202298718
autonomous-ai-assistant	36097505645	completed	success	2026-09-25T05:11:16Z	2026-09-25T05:11:57Z	main	npm_and_yarn in /. for @babel/core, @humanfs/node, @vitest/mocker, @xmldom/xmldom, @xmldom/xmldom, @xmldom/xmldom, @xmldom/xmldom, @xmldom/xmldom, @xmldom/xmldom, @xmldom/xmldom, @xmldom/xmldom, @xmldom/xmldom, @xmldom/xmldom, axios, axios, axios, axios, axios, axios, axios, axios, axios, axios, axios, axios, axios, axios, axios, axios, axios, axios, axios, axios, axios, baseline-browser-mapping, body-parser, brace-expansion, brace-expansion, brace-expansion, brace-expansion, brace-expansion, brace-expan...	dynamic	https://github.com/balajirajput96/autonomous-ai-assistant/actions/runs/36097505645
autonomous-ai-assistant	34779160184	completed	success	2026-09-13T19:55:28Z	2026-09-13T19:56:27Z	main	npm_and_yarn in /. for @babel/core, @humanfs/node, @vitest/mocker, @xmldom/xmldom, @xmldom/xmldom, @xmldom/xmldom, @xmldom/xmldom, @xmldom/xmldom, @xmldom/xmldom, @xmldom/xmldom, @xmldom/xmldom, @xmldom/xmldom, @xmldom/xmldom, axios, axios, axios, axios, axios, axios, axios, axios, axios, axios, axios, axios, axios, axios, axios, axios, axios, axios, axios, axios, axios, axios, axios, baseline-browser-mapping, body-parser, brace-expansion, brace-expansion, brace-expansion, brace-expansion, brace-expansio...	dynamic	https://github.com/balajirajput96/autonomous-ai-assistant/actions/runs/34779160184
autonomous-ai-assistant	34477893914	completed	success	2026-09-10T12:38:49Z	2026-09-10T12:39:44Z	main	npm_and_yarn in /. for @babel/core, @humanfs/node, @vitest/mocker, @xmldom/xmldom, @xmldom/xmldom, @xmldom/xmldom, @xmldom/xmldom, @xmldom/xmldom, @xmldom/xmldom, @xmldom/xmldom, @xmldom/xmldom, @xmldom/xmldom, @xmldom/xmldom, axios, axios, axios, axios, axios, axios, axios, axios, axios, axios, axios, axios, axios, axios, axios, axios, axios, axios, axios, axios, axios, axios, axios, axios, baseline-browser-mapping, body-parser, brace-expansion, brace-expansion, brace-expansion, brace-expansion, brace-e...	dynamic	https://github.com/balajirajput96/autonomous-ai-assistant/actions/runs/34477893914
autonomous-ai-assistant	34476673477	completed	success	2026-09-10T12:25:52Z	2026-09-10T12:26:39Z	main	npm_and_yarn in /. for @babel/core, @humanfs/node, @vitest/mocker, @xmldom/xmldom, @xmldom/xmldom, @xmldom/xmldom, @xmldom/xmldom, @xmldom/xmldom, @xmldom/xmldom, @xmldom/xmldom, @xmldom/xmldom, axios, axios, axios, axios, axios, axios, axios, axios, axios, axios, axios, axios, axios, axios, axios, axios, axios, axios, axios, axios, axios, axios, axios, axios, axios, axios, baseline-browser-mapping, body-parser, brace-expansion, brace-expansion, brace-expansion, brace-expansion, brace-expansion, brace-ex...	dynamic	https://github.com/balajirajput96/autonomous-ai-assistant/actions/runs/34476673477
autonomous-ai-assistant	34475295271	completed	success	2026-09-10T12:11:07Z	2026-09-10T12:11:55Z	main	npm_and_yarn in /. for @babel/core, @humanfs/node, @vitest/mocker, @xmldom/xmldom, @xmldom/xmldom, @xmldom/xmldom, @xmldom/xmldom, @xmldom/xmldom, @xmldom/xmldom, @xmldom/xmldom, axios, axios, axios, axios, axios, axios, axios, axios, axios, axios, axios, axios, axios, axios, axios, axios, axios, axios, axios, axios, axios, axios, axios, axios, axios, axios, baseline-browser-mapping, body-parser, brace-expansion, brace-expansion, brace-expansion, brace-expansion, brace-expansion, brace-expansion, browser...	dynamic	https://github.com/balajirajput96/autonomous-ai-assistant/actions/runs/34475295271
autonomous-ai-assistant	34475261965	completed	success	2026-09-10T12:10:47Z	2026-09-10T12:11:30Z	main	npm_and_yarn in /. for @babel/core, @humanfs/node, @vitest/mocker, @xmldom/xmldom, @xmldom/xmldom, @xmldom/xmldom, @xmldom/xmldom, @xmldom/xmldom, @xmldom/xmldom, axios, axios, axios, axios, axios, axios, axios, axios, axios, axios, axios, axios, axios, axios, axios, axios, axios, axios, axios, axios, axios, axios, axios, axios, axios, axios, axios, baseline-browser-mapping, body-parser, brace-expansion, brace-expansion, brace-expansion, brace-expansion, brace-expansion, brace-expansion, browserslist, br...	dynamic	https://github.com/balajirajput96/autonomous-ai-assistant/actions/runs/34475261965
autonomous-ai-assistant	34475242741	completed	success	2026-09-10T12:10:35Z	2026-09-10T12:11:35Z	main	npm_and_yarn in /. for @babel/core, @humanfs/node, @vitest/mocker, @xmldom/xmldom, @xmldom/xmldom, @xmldom/xmldom, @xmldom/xmldom, @xmldom/xmldom, axios, axios, axios, axios, axios, axios, axios, axios, axios, axios, axios, axios, axios, axios, axios, axios, axios, axios, axios, axios, axios, axios, axios, axios, axios, axios, axios, axios, baseline-browser-mapping, body-parser, brace-expansion, brace-expansion, brace-expansion, brace-expansion, brace-expansion, brace-expansion, browserslist, browserslis...	dynamic	https://github.com/balajirajput96/autonomous-ai-assistant/actions/runs/34475242741
autonomous-ai-assistant	34434884337	completed	success	2026-09-10T03:50:48Z	2026-09-10T03:51:40Z	main	npm_and_yarn in /. for @babel/core, @humanfs/node, @vitest/mocker, @xmldom/xmldom, @xmldom/xmldom, @xmldom/xmldom, @xmldom/xmldom, @xmldom/xmldom, axios, axios, axios, axios, axios, axios, axios, axios, axios, axios, axios, axios, axios, axios, axios, axios, axios, axios, axios, axios, axios, axios, axios, axios, axios, axios, axios, axios, baseline-browser-mapping, body-parser, brace-expansion, brace-expansion, brace-expansion, brace-expansion, brace-expansion, brace-expansion, browserslist, browserslis...	dynamic	https://github.com/balajirajput96/autonomous-ai-assistant/actions/runs/34434884337
autonomous-ai-assistant	34430544332	completed	success	2026-09-10T02:43:16Z	2026-09-10T02:44:05Z	main	npm_and_yarn in /. for @babel/core, @humanfs/node, @vitest/mocker, @xmldom/xmldom, @xmldom/xmldom, @xmldom/xmldom, @xmldom/xmldom, @xmldom/xmldom, axios, axios, axios, axios, axios, axios, axios, axios, axios, axios, axios, axios, axios, axios, axios, axios, axios, axios, axios, axios, axios, axios, axios, axios, axios, axios, axios, axios, baseline-browser-mapping, body-parser, brace-expansion, brace-expansion, brace-expansion, brace-expansion, brace-expansion, brace-expansion, browserslist, browserslis...	dynamic	https://github.com/balajirajput96/autonomous-ai-assistant/actions/runs/34430544332
autonomous-ai-assistant	34425012781	completed	success	2026-09-10T01:19:35Z	2026-09-10T01:20:27Z	main	npm_and_yarn in /. for @babel/core, @humanfs/node, @vitest/mocker, @xmldom/xmldom, @xmldom/xmldom, @xmldom/xmldom, @xmldom/xmldom, @xmldom/xmldom, axios, axios, axios, axios, axios, axios, axios, axios, axios, axios, axios, axios, axios, axios, axios, axios, axios, axios, axios, axios, axios, axios, axios, axios, axios, axios, axios, axios, body-parser, brace-expansion, brace-expansion, brace-expansion, brace-expansion, brace-expansion, brace-expansion, browserslist, browserslist, decode-uri-component, d...	dynamic	https://github.com/balajirajput96/autonomous-ai-assistant/actions/runs/34425012781
autonomous-ai-assistant	34325889018	completed	success	2026-09-09T07:50:10Z	2026-09-09T07:50:55Z	main	npm_and_yarn in /. for @babel/core, @humanfs/node, @xmldom/xmldom, @xmldom/xmldom, @xmldom/xmldom, @xmldom/xmldom, @xmldom/xmldom, @xmldom/xmldom, axios, axios, axios, axios, axios, axios, axios, axios, axios, axios, axios, axios, axios, axios, axios, axios, axios, axios, axios, axios, axios, axios, axios, axios, axios, axios, axios, axios, body-parser, brace-expansion, brace-expansion, brace-expansion, brace-expansion, brace-expansion, brace-expansion, browserslist, browserslist, decode-uri-component, d...	dynamic	https://github.com/balajirajput96/autonomous-ai-assistant/actions/runs/34325889018
autonomous-ai-assistant	34217479035	completed	success	2026-09-08T10:49:36Z	2026-09-08T10:50:11Z	main	npm_and_yarn in /. for @babel/core, @humanfs/node, @xmldom/xmldom, @xmldom/xmldom, @xmldom/xmldom, @xmldom/xmldom, @xmldom/xmldom, @xmldom/xmldom, axios, axios, axios, axios, axios, axios, axios, axios, axios, axios, axios, axios, axios, axios, axios, axios, axios, axios, axios, axios, axios, axios, axios, axios, axios, axios, axios, axios, body-parser, brace-expansion, brace-expansion, brace-expansion, brace-expansion, brace-expansion, brace-expansion, browserslist, browserslist, decode-uri-component, d...	dynamic	https://github.com/balajirajput96/autonomous-ai-assistant/actions/runs/34217479035
autonomous-ai-assistant	34094267286	completed	success	2026-09-07T07:11:35Z	2026-09-07T07:12:20Z	main	npm_and_yarn in /. for @babel/core, @humanfs/node, @xmldom/xmldom, @xmldom/xmldom, @xmldom/xmldom, @xmldom/xmldom, @xmldom/xmldom, @xmldom/xmldom, axios, axios, axios, axios, axios, axios, axios, axios, axios, axios, axios, axios, axios, axios, axios, axios, axios, axios, axios, axios, axios, axios, axios, axios, axios, axios, axios, axios, body-parser, brace-expansion, brace-expansion, brace-expansion, brace-expansion, brace-expansion, brace-expansion, brace-expansion, browserslist, decode-uri-component...	dynamic	https://github.com/balajirajput96/autonomous-ai-assistant/actions/runs/34094267286
autonomous-ai-assistant	34091715621	completed	success	2026-09-07T06:38:05Z	2026-09-07T06:38:55Z	main	npm_and_yarn in /. for @babel/core, @humanfs/node, @xmldom/xmldom, @xmldom/xmldom, @xmldom/xmldom, @xmldom/xmldom, @xmldom/xmldom, @xmldom/xmldom, axios, axios, axios, axios, axios, axios, axios, axios, axios, axios, axios, axios, axios, axios, axios, axios, axios, axios, axios, axios, axios, axios, axios, axios, axios, axios, axios, axios, body-parser, brace-expansion, brace-expansion, brace-expansion, brace-expansion, brace-expansion, brace-expansion, brace-expansion, brace-expansion, decode-uri-compon...	dynamic	https://github.com/balajirajput96/autonomous-ai-assistant/actions/runs/34091715621
autonomous-ai-workspace	37290175748	completed	success	2026-10-05T09:27:44Z	2026-10-05T09:28:39Z	main	npm_and_yarn in /. for @babel/core, @vitest/mocker, axios, axios, axios, axios, axios, axios, axios, axios, baseline-browser-mapping, browserslist, dompurify, drizzle-orm, esbuild, mysql2, mysql2, nanoid, picomatch, pnpm, pnpm, pnpm, pnpm, pnpm, pnpm, pnpm, pnpm, pnpm, pnpm, pnpm, pnpm, pnpm, pnpm, pnpm, pnpm, pnpm, pnpm, pnpm, pnpm, pnpm, pnpm, pnpm, pnpm, pnpm, pnpm, postcss, postcss, postcss, postcss, qs, qs, rollup, tar, tar, tar, tar, tar, tar, tar, tar, tar, vite, vite, vite, vite, vite, vite, vite...	dynamic	https://github.com/balajirajput96/autonomous-ai-workspace/actions/runs/37290175748
autonomous-ai-workspace	37289639861	completed	success	2026-10-05T09:22:49Z	2026-10-05T09:23:40Z	main	npm_and_yarn in /. for @babel/core, @vitest/mocker, axios, axios, axios, axios, axios, axios, axios, baseline-browser-mapping, browserslist, dompurify, drizzle-orm, esbuild, mysql2, mysql2, nanoid, picomatch, pnpm, pnpm, pnpm, pnpm, pnpm, pnpm, pnpm, pnpm, pnpm, pnpm, pnpm, pnpm, pnpm, pnpm, pnpm, pnpm, pnpm, pnpm, pnpm, pnpm, pnpm, pnpm, pnpm, pnpm, pnpm, pnpm, postcss, postcss, postcss, postcss, qs, qs, rollup, tar, tar, tar, tar, tar, tar, tar, tar, tar, vite, vite, vite, vite, vite, vite, vite, vite,...	dynamic	https://github.com/balajirajput96/autonomous-ai-workspace/actions/runs/37289639861
autonomous-ai-workspace	37287783074	completed	success	2026-10-05T09:05:48Z	2026-10-05T09:06:44Z	main	npm_and_yarn in /. for @babel/core, @vitest/mocker, axios, axios, axios, axios, axios, axios, baseline-browser-mapping, browserslist, dompurify, drizzle-orm, esbuild, mysql2, mysql2, nanoid, picomatch, pnpm, pnpm, pnpm, pnpm, pnpm, pnpm, pnpm, pnpm, pnpm, pnpm, pnpm, pnpm, pnpm, pnpm, pnpm, pnpm, pnpm, pnpm, pnpm, pnpm, pnpm, pnpm, pnpm, pnpm, pnpm, pnpm, postcss, postcss, postcss, postcss, qs, qs, rollup, tar, tar, tar, tar, tar, tar, tar, tar, tar, vite, vite, vite, vite, vite, vite, vite, vite, vite, ...	dynamic	https://github.com/balajirajput96/autonomous-ai-workspace/actions/runs/37287783074
autonomous-ai-workspace	37275748957	completed	success	2026-10-05T07:05:03Z	2026-10-05T07:05:59Z	main	npm_and_yarn in /. for @babel/core, @vitest/mocker, axios, axios, axios, axios, axios, axios, baseline-browser-mapping, browserslist, dompurify, drizzle-orm, esbuild, mysql2, mysql2, nanoid, picomatch, pnpm, pnpm, pnpm, pnpm, pnpm, pnpm, pnpm, pnpm, pnpm, pnpm, pnpm, pnpm, pnpm, pnpm, pnpm, pnpm, pnpm, pnpm, pnpm, pnpm, pnpm, pnpm, pnpm, pnpm, pnpm, pnpm, postcss, postcss, postcss, postcss, qs, qs, rollup, tar, tar, tar, tar, tar, tar, tar, tar, tar, vite, vite, vite, vite, vite, vite, vite, vite, vite, ...	dynamic	https://github.com/balajirajput96/autonomous-ai-workspace/actions/runs/37275748957
autonomous-ai-workspace	37274815286	completed	success	2026-10-05T06:54:32Z	2026-10-05T06:55:18Z	main	npm_and_yarn in /. for @babel/core, @vitest/mocker, axios, axios, axios, axios, axios, baseline-browser-mapping, browserslist, dompurify, drizzle-orm, esbuild, mysql2, mysql2, nanoid, picomatch, pnpm, pnpm, pnpm, pnpm, pnpm, pnpm, pnpm, pnpm, pnpm, pnpm, pnpm, pnpm, pnpm, pnpm, pnpm, pnpm, pnpm, pnpm, pnpm, pnpm, pnpm, pnpm, pnpm, pnpm, pnpm, pnpm, postcss, postcss, postcss, postcss, qs, qs, rollup, tar, tar, tar, tar, tar, tar, tar, tar, tar, vite, vite, vite, vite, vite, vite, vite, vite, vite, vite, v...	dynamic	https://github.com/balajirajput96/autonomous-ai-workspace/actions/runs/37274815286
autonomous-ai-workspace	37274784112	completed	success	2026-10-05T06:54:11Z	2026-10-05T06:55:01Z	main	npm_and_yarn in /. for @babel/core, @vitest/mocker, axios, axios, axios, axios, baseline-browser-mapping, browserslist, dompurify, drizzle-orm, esbuild, mysql2, mysql2, nanoid, picomatch, pnpm, pnpm, pnpm, pnpm, pnpm, pnpm, pnpm, pnpm, pnpm, pnpm, pnpm, pnpm, pnpm, pnpm, pnpm, pnpm, pnpm, pnpm, pnpm, pnpm, pnpm, pnpm, pnpm, pnpm, pnpm, pnpm, postcss, postcss, postcss, postcss, qs, qs, rollup, tar, tar, tar, tar, tar, tar, tar, tar, tar, vite, vite, vite, vite, vite, vite, vite, vite, vite, vite, vitest, ...	dynamic	https://github.com/balajirajput96/autonomous-ai-workspace/actions/runs/37274784112
autonomous-ai-workspace	37274672169	completed	success	2026-10-05T06:52:54Z	2026-10-05T06:53:55Z	main	npm_and_yarn in /. for @babel/core, @vitest/mocker, axios, axios, axios, baseline-browser-mapping, browserslist, dompurify, drizzle-orm, esbuild, mysql2, mysql2, nanoid, picomatch, pnpm, pnpm, pnpm, pnpm, pnpm, pnpm, pnpm, pnpm, pnpm, pnpm, pnpm, pnpm, pnpm, pnpm, pnpm, pnpm, pnpm, pnpm, pnpm, pnpm, pnpm, pnpm, pnpm, pnpm, pnpm, pnpm, postcss, postcss, postcss, postcss, qs, qs, rollup, tar, tar, tar, tar, tar, tar, tar, tar, tar, vite, vite, vite, vite, vite, vite, vite, vite, vite, vite, vitest, vitest,...	dynamic	https://github.com/balajirajput96/autonomous-ai-workspace/actions/runs/37274672169
autonomous-ai-workspace	37254273826	completed	success	2026-10-05T02:09:34Z	2026-10-05T02:10:26Z	main	npm_and_yarn in /. for @babel/core, @vitest/mocker, axios, axios, baseline-browser-mapping, browserslist, dompurify, drizzle-orm, esbuild, mysql2, mysql2, nanoid, picomatch, pnpm, pnpm, pnpm, pnpm, pnpm, pnpm, pnpm, pnpm, pnpm, pnpm, pnpm, pnpm, pnpm, pnpm, pnpm, pnpm, pnpm, pnpm, pnpm, pnpm, pnpm, pnpm, pnpm, pnpm, pnpm, pnpm, postcss, postcss, postcss, postcss, qs, qs, rollup, tar, tar, tar, tar, tar, tar, tar, tar, tar, vite, vite, vite, vite, vite, vite, vite, vite, vite, vite, vitest, vitest, vitest...	dynamic	https://github.com/balajirajput96/autonomous-ai-workspace/actions/runs/37254273826
autonomous-ai-workspace	37244710494	completed	success	2026-10-04T23:42:14Z	2026-10-04T23:43:09Z	main	npm_and_yarn in /. for @babel/core, @vitest/mocker, baseline-browser-mapping, browserslist, dompurify, drizzle-orm, esbuild, mysql2, mysql2, nanoid, picomatch, pnpm, pnpm, pnpm, pnpm, pnpm, pnpm, pnpm, pnpm, pnpm, pnpm, pnpm, pnpm, pnpm, pnpm, pnpm, pnpm, pnpm, pnpm, pnpm, pnpm, pnpm, pnpm, pnpm, pnpm, pnpm, pnpm, postcss, postcss, postcss, postcss, qs, qs, rollup, tar, tar, tar, tar, tar, tar, tar, tar, tar, vite, vite, vite, vite, vite, vite, vite, vite, vite, vite, vitest, vitest, vitest, vitest - Upd...	dynamic	https://github.com/balajirajput96/autonomous-ai-workspace/actions/runs/37244710494
autonomous-ai-workspace	37236679081	completed	success	2026-10-04T21:35:02Z	2026-10-04T21:35:52Z	main	npm_and_yarn in /. for @babel/core, @vitest/mocker, baseline-browser-mapping, browserslist, drizzle-orm, esbuild, mysql2, mysql2, nanoid, picomatch, pnpm, pnpm, pnpm, pnpm, pnpm, pnpm, pnpm, pnpm, pnpm, pnpm, pnpm, pnpm, pnpm, pnpm, pnpm, pnpm, pnpm, pnpm, pnpm, pnpm, pnpm, pnpm, pnpm, pnpm, pnpm, pnpm, postcss, postcss, postcss, postcss, qs, qs, rollup, tar, tar, tar, tar, tar, tar, tar, tar, tar, vite, vite, vite, vite, vite, vite, vite, vite, vite, vite, vitest, vitest, vitest, vitest - Update #160817...	dynamic	https://github.com/balajirajput96/autonomous-ai-workspace/actions/runs/37236679081
autonomous-ai-workspace	34425631316	completed	success	2026-09-10T01:28:44Z	2026-09-10T01:29:30Z	main	npm_and_yarn in /. for @babel/core, @vitest/mocker, baseline-browser-mapping, browserslist, drizzle-orm, esbuild, mysql2, mysql2, nanoid, picomatch, pnpm, pnpm, pnpm, pnpm, pnpm, pnpm, pnpm, pnpm, pnpm, pnpm, pnpm, pnpm, pnpm, pnpm, pnpm, pnpm, pnpm, pnpm, pnpm, pnpm, pnpm, pnpm, pnpm, pnpm, pnpm, pnpm, postcss, postcss, postcss, postcss, qs, rollup, tar, tar, tar, tar, tar, tar, tar, tar, tar, vite, vite, vite, vite, vite, vite, vite, vite, vite, vite, vitest, vitest, vitest, vitest - Update #1567474720	dynamic	https://github.com/balajirajput96/autonomous-ai-workspace/actions/runs/34425631316
autonomous-ai-workspace	34424429090	completed	success	2026-09-10T01:10:59Z	2026-09-10T01:11:48Z	main	npm_and_yarn in /. for @babel/core, @vitest/mocker, baseline-browser-mapping, browserslist, drizzle-orm, esbuild, mysql2, mysql2, nanoid, picomatch, pnpm, pnpm, pnpm, pnpm, pnpm, pnpm, pnpm, pnpm, pnpm, pnpm, pnpm, pnpm, pnpm, pnpm, pnpm, pnpm, pnpm, pnpm, pnpm, pnpm, pnpm, pnpm, pnpm, pnpm, pnpm, pnpm, postcss, postcss, postcss, postcss, qs, rollup, tar, tar, tar, tar, tar, tar, tar, tar, tar, vite, vite, vite, vite, vite, vite, vite, vite, vite, vite, vitest, vitest, vitest - Update #1567436151	dynamic	https://github.com/balajirajput96/autonomous-ai-workspace/actions/runs/34424429090
autonomous-ai-workspace	34320082152	completed	success	2026-09-09T06:39:44Z	2026-09-09T06:40:31Z	main	npm_and_yarn in /. for @babel/core, baseline-browser-mapping, browserslist, drizzle-orm, esbuild, mysql2, mysql2, nanoid, picomatch, pnpm, pnpm, pnpm, pnpm, pnpm, pnpm, pnpm, pnpm, pnpm, pnpm, pnpm, pnpm, pnpm, pnpm, pnpm, pnpm, pnpm, pnpm, pnpm, pnpm, pnpm, pnpm, pnpm, pnpm, pnpm, pnpm, postcss, postcss, postcss, postcss, qs, rollup, tar, tar, tar, tar, tar, tar, tar, tar, tar, vite, vite, vite, vite, vite, vite, vite, vite, vite, vite, vitest, vitest, vitest - Update #1565458519	dynamic	https://github.com/balajirajput96/autonomous-ai-workspace/actions/runs/34320082152
autonomous-ai-workspace	34317334353	completed	success	2026-09-09T06:02:36Z	2026-09-09T06:03:28Z	main	npm_and_yarn in /. for @babel/core, baseline-browser-mapping, browserslist, drizzle-orm, esbuild, mysql2, mysql2, nanoid, picomatch, pnpm, pnpm, pnpm, pnpm, pnpm, pnpm, pnpm, pnpm, pnpm, pnpm, pnpm, pnpm, pnpm, pnpm, pnpm, pnpm, pnpm, pnpm, pnpm, pnpm, pnpm, pnpm, pnpm, pnpm, pnpm, pnpm, postcss, postcss, postcss, postcss, qs, rollup, tar, tar, tar, tar, tar, tar, tar, tar, tar, vite, vite, vite, vite, vite, vite, vite, vite, vite, vite, vitest, vitest - Update #1565389149	dynamic	https://github.com/balajirajput96/autonomous-ai-workspace/actions/runs/34317334353
autonomous-ai-workspace	34316550387	completed	success	2026-09-09T05:51:04Z	2026-09-09T05:51:46Z	main	npm_and_yarn in /. for @babel/core, baseline-browser-mapping, browserslist, drizzle-orm, esbuild, mysql2, mysql2, nanoid, picomatch, pnpm, pnpm, pnpm, pnpm, pnpm, pnpm, pnpm, pnpm, pnpm, pnpm, pnpm, pnpm, pnpm, pnpm, pnpm, pnpm, pnpm, pnpm, pnpm, pnpm, pnpm, pnpm, pnpm, pnpm, pnpm, pnpm, postcss, postcss, postcss, postcss, qs, rollup, tar, tar, tar, tar, tar, tar, tar, tar, tar, vite, vite, vite, vite, vite, vite, vite, vite, vite, vite, vitest, vitest - Update #1565371051	dynamic	https://github.com/balajirajput96/autonomous-ai-workspace/actions/runs/34316550387
autonomous-ai-workspace	34064335202	completed	success	2026-09-06T22:32:51Z	2026-09-06T22:33:35Z	main	npm_and_yarn in /. for @babel/core, drizzle-orm, esbuild, mysql2, mysql2, nanoid, picomatch, pnpm, pnpm, pnpm, pnpm, pnpm, pnpm, pnpm, pnpm, pnpm, pnpm, pnpm, pnpm, pnpm, pnpm, pnpm, pnpm, pnpm, pnpm, pnpm, pnpm, pnpm, pnpm, pnpm, pnpm, pnpm, pnpm, postcss, postcss, postcss, postcss, qs, rollup, tar, tar, tar, tar, tar, tar, tar, tar, tar, vite, vite, vite, vite, vite, vite, vite, vite, vite, vite, vitest, vitest - Update #1559804440	dynamic	https://github.com/balajirajput96/autonomous-ai-workspace/actions/runs/34064335202
autonomous-ai-workspace	34013521735	completed	success	2026-09-06T05:15:16Z	2026-09-06T05:16:18Z	main	npm_and_yarn in /. for @babel/core, drizzle-orm, esbuild, mysql2, mysql2, nanoid, picomatch, pnpm, pnpm, pnpm, pnpm, pnpm, pnpm, pnpm, pnpm, pnpm, pnpm, pnpm, pnpm, pnpm, pnpm, pnpm, pnpm, pnpm, pnpm, pnpm, pnpm, pnpm, pnpm, pnpm, pnpm, pnpm, pnpm, postcss, postcss, postcss, postcss, qs, rollup, tar, tar, tar, tar, tar, tar, tar, tar, tar, vite, vite, vite, vite, vite, vite, vite, vite, vite, vite, vitest, vitest - Update #1559179289	dynamic	https://github.com/balajirajput96/autonomous-ai-workspace/actions/runs/34013521735
autonomous-ai-workspace	33754914223	completed	success	2026-09-03T12:23:19Z	2026-09-03T12:24:05Z	main	npm_and_yarn in /. for @babel/core, drizzle-orm, esbuild, mysql2, mysql2, picomatch, pnpm, pnpm, pnpm, pnpm, pnpm, pnpm, pnpm, pnpm, pnpm, pnpm, pnpm, pnpm, pnpm, pnpm, pnpm, pnpm, pnpm, pnpm, pnpm, pnpm, pnpm, pnpm, pnpm, pnpm, pnpm, pnpm, postcss, postcss, postcss, postcss, qs, rollup, tar, tar, tar, tar, tar, tar, tar, tar, tar, vite, vite, vite, vite, vite, vite, vite, vite, vite, vite, vitest, vitest - Update #1555194730	dynamic	https://github.com/balajirajput96/autonomous-ai-workspace/actions/runs/33754914223
autonomous-ai-workspace	33723819158	completed	success	2026-09-03T06:34:08Z	2026-09-03T06:35:00Z	main	npm_and_yarn in /. for @babel/core, drizzle-orm, esbuild, mysql2, picomatch, pnpm, pnpm, pnpm, pnpm, pnpm, pnpm, pnpm, pnpm, pnpm, pnpm, pnpm, pnpm, pnpm, pnpm, pnpm, pnpm, pnpm, pnpm, pnpm, pnpm, pnpm, pnpm, pnpm, pnpm, pnpm, pnpm, postcss, postcss, postcss, postcss, rollup, tar, tar, tar, tar, tar, tar, tar, tar, tar, vite, vite, vite, vite, vite, vite, vite, vite, vite, vite, vitest, vitest - Update #1554307014	dynamic	https://github.com/balajirajput96/autonomous-ai-workspace/actions/runs/33723819158
autonomous-ai-workspace	33650466159	completed	success	2026-09-02T15:44:05Z	2026-09-02T15:45:08Z	main	npm_and_yarn in /. for @babel/core, drizzle-orm, esbuild, mysql2, picomatch, pnpm, pnpm, pnpm, pnpm, pnpm, pnpm, pnpm, pnpm, pnpm, pnpm, pnpm, pnpm, pnpm, pnpm, pnpm, pnpm, pnpm, pnpm, pnpm, pnpm, pnpm, pnpm, pnpm, pnpm, pnpm, pnpm, postcss, postcss, postcss, postcss, rollup, tar, tar, tar, tar, tar, tar, tar, tar, tar, vite, vite, vite, vite, vite, vite, vite, vite, vite, vite, vitest, vitest - Update #1552441103	dynamic	https://github.com/balajirajput96/autonomous-ai-workspace/actions/runs/33650466159
autonomous-engineering-maintenance	38033245201	completed	success	2026-10-10T07:05:59Z	2026-10-10T07:08:44Z	main	Hourly Autonomous Engineering Maintenance	schedule	https://github.com/balajirajput96/autonomous-engineering-maintenance/actions/runs/38033245201
autonomous-engineering-maintenance	38010733383	completed	success	2026-10-10T00:50:05Z	2026-10-10T00:53:11Z	main	Hourly Autonomous Engineering Maintenance	schedule	https://github.com/balajirajput96/autonomous-engineering-maintenance/actions/runs/38010733383
autonomous-engineering-maintenance	37990016740	completed	success	2026-10-09T20:53:48Z	2026-10-09T20:56:51Z	main	Hourly Autonomous Engineering Maintenance	schedule	https://github.com/balajirajput96/autonomous-engineering-maintenance/actions/runs/37990016740
autonomous-engineering-maintenance	37957338545	completed	success	2026-10-09T16:11:47Z	2026-10-09T16:14:42Z	main	Hourly Autonomous Engineering Maintenance	schedule	https://github.com/balajirajput96/autonomous-engineering-maintenance/actions/runs/37957338545
autonomous-engineering-maintenance	37908771803	completed	success	2026-10-09T09:03:01Z	2026-10-09T09:06:21Z	main	Hourly Autonomous Engineering Maintenance	schedule	https://github.com/balajirajput96/autonomous-engineering-maintenance/actions/runs/37908771803
autonomous-engineering-maintenance	37873182453	completed	success	2026-10-09T02:08:57Z	2026-10-09T02:11:47Z	main	Hourly Autonomous Engineering Maintenance	schedule	https://github.com/balajirajput96/autonomous-engineering-maintenance/actions/runs/37873182453
autonomous-engineering-maintenance	37845930419	completed	success	2026-10-08T21:19:16Z	2026-10-08T21:22:17Z	main	Hourly Autonomous Engineering Maintenance	schedule	https://github.com/balajirajput96/autonomous-engineering-maintenance/actions/runs/37845930419
autonomous-engineering-maintenance	37802090215	completed	success	2026-10-08T15:36:01Z	2026-10-08T15:39:45Z	main	Hourly Autonomous Engineering Maintenance	schedule	https://github.com/balajirajput96/autonomous-engineering-maintenance/actions/runs/37802090215
autonomous-engineering-maintenance	37743179757	completed	success	2026-10-08T07:23:56Z	2026-10-08T07:27:33Z	main	Hourly Autonomous Engineering Maintenance	schedule	https://github.com/balajirajput96/autonomous-engineering-maintenance/actions/runs/37743179757
autonomous-engineering-maintenance	37710639079	completed	success	2026-10-08T00:59:45Z	2026-10-08T01:03:09Z	main	Hourly Autonomous Engineering Maintenance	schedule	https://github.com/balajirajput96/autonomous-engineering-maintenance/actions/runs/37710639079
autonomous-engineering-maintenance	37683359137	completed	success	2026-10-07T20:36:58Z	2026-10-07T20:39:50Z	main	Hourly Autonomous Engineering Maintenance	schedule	https://github.com/balajirajput96/autonomous-engineering-maintenance/actions/runs/37683359137
autonomous-engineering-maintenance	37637426376	completed	success	2026-10-07T14:31:37Z	2026-10-07T14:35:20Z	main	Hourly Autonomous Engineering Maintenance	schedule	https://github.com/balajirajput96/autonomous-engineering-maintenance/actions/runs/37637426376
autonomous-engineering-maintenance	37586056125	completed	success	2026-10-07T07:13:51Z	2026-10-07T07:16:37Z	main	Hourly Autonomous Engineering Maintenance	schedule	https://github.com/balajirajput96/autonomous-engineering-maintenance/actions/runs/37586056125
autonomous-engineering-maintenance	37553301884	completed	success	2026-10-07T00:41:40Z	2026-10-07T00:44:55Z	main	Hourly Autonomous Engineering Maintenance	schedule	https://github.com/balajirajput96/autonomous-engineering-maintenance/actions/runs/37553301884
autonomous-engineering-maintenance	37525556990	completed	success	2026-10-06T20:19:23Z	2026-10-06T20:22:19Z	main	Hourly Autonomous Engineering Maintenance	schedule	https://github.com/balajirajput96/autonomous-engineering-maintenance/actions/runs/37525556990
autonomous-engineering-maintenance	37485283155	completed	success	2026-10-06T15:11:15Z	2026-10-06T15:15:32Z	main	Hourly Autonomous Engineering Maintenance	schedule	https://github.com/balajirajput96/autonomous-engineering-maintenance/actions/runs/37485283155
autonomous-engineering-maintenance	37430443487	completed	success	2026-10-06T07:33:51Z	2026-10-06T07:36:30Z	main	Hourly Autonomous Engineering Maintenance	schedule	https://github.com/balajirajput96/autonomous-engineering-maintenance/actions/runs/37430443487
autonomous-engineering-maintenance	37395909116	completed	success	2026-10-06T00:48:27Z	2026-10-06T00:51:43Z	main	Hourly Autonomous Engineering Maintenance	schedule	https://github.com/balajirajput96/autonomous-engineering-maintenance/actions/runs/37395909116
autonomous-engineering-maintenance	37356030436	completed	success	2026-10-05T18:27:02Z	2026-10-05T18:31:30Z	main	Hourly Autonomous Engineering Maintenance	schedule	https://github.com/balajirajput96/autonomous-engineering-maintenance/actions/runs/37356030436
autonomous-engineering-maintenance	37287499404	completed	success	2026-10-05T09:03:10Z	2026-10-05T09:06:07Z	main	Hourly Autonomous Engineering Maintenance	schedule	https://github.com/balajirajput96/autonomous-engineering-maintenance/actions/runs/37287499404
B	38033204766	completed	success	2026-10-10T07:05:21Z	2026-10-10T07:05:31Z	main	Bounded repository workflow health	schedule	https://github.com/balajirajput96/B/actions/runs/38033204766
B	38010669278	completed	success	2026-10-10T00:49:08Z	2026-10-10T00:49:19Z	main	Bounded repository workflow health	schedule	https://github.com/balajirajput96/B/actions/runs/38010669278
B	37989942936	completed	success	2026-10-09T20:53:07Z	2026-10-09T20:53:17Z	main	Bounded repository workflow health	schedule	https://github.com/balajirajput96/B/actions/runs/37989942936
B	37957221575	completed	success	2026-10-09T16:10:51Z	2026-10-09T16:11:03Z	main	Bounded repository workflow health	schedule	https://github.com/balajirajput96/B/actions/runs/37957221575
B	37908655794	completed	success	2026-10-09T09:01:55Z	2026-10-09T09:02:10Z	main	Bounded repository workflow health	schedule	https://github.com/balajirajput96/B/actions/runs/37908655794
B	37873136381	completed	success	2026-10-09T02:08:23Z	2026-10-09T02:08:34Z	main	Bounded repository workflow health	schedule	https://github.com/balajirajput96/B/actions/runs/37873136381
B	37845880335	completed	success	2026-10-08T21:18:51Z	2026-10-08T21:19:01Z	main	Bounded repository workflow health	schedule	https://github.com/balajirajput96/B/actions/runs/37845880335
B	37801998618	completed	success	2026-10-08T15:35:20Z	2026-10-08T15:35:31Z	main	Bounded repository workflow health	schedule	https://github.com/balajirajput96/B/actions/runs/37801998618
B	37743102980	completed	success	2026-10-08T07:23:11Z	2026-10-08T07:23:22Z	main	Bounded repository workflow health	schedule	https://github.com/balajirajput96/B/actions/runs/37743102980
B	37710597800	completed	success	2026-10-08T00:59:16Z	2026-10-08T00:59:25Z	main	Bounded repository workflow health	schedule	https://github.com/balajirajput96/B/actions/runs/37710597800
B	37683302300	completed	success	2026-10-07T20:36:33Z	2026-10-07T20:36:46Z	main	Bounded repository workflow health	schedule	https://github.com/balajirajput96/B/actions/runs/37683302300
B	37637248230	completed	success	2026-10-07T14:30:21Z	2026-10-07T14:30:35Z	main	Bounded repository workflow health	schedule	https://github.com/balajirajput96/B/actions/runs/37637248230
B	37585996617	completed	success	2026-10-07T07:13:15Z	2026-10-07T07:13:26Z	main	Bounded repository workflow health	schedule	https://github.com/balajirajput96/B/actions/runs/37585996617
B	37553248394	completed	success	2026-10-07T00:41:03Z	2026-10-07T00:41:15Z	main	Bounded repository workflow health	schedule	https://github.com/balajirajput96/B/actions/runs/37553248394
B	37525419201	completed	success	2026-10-06T20:18:16Z	2026-10-06T20:18:27Z	main	Bounded repository workflow health	schedule	https://github.com/balajirajput96/B/actions/runs/37525419201
B	37485175349	completed	success	2026-10-06T15:10:32Z	2026-10-06T15:10:46Z	main	Bounded repository workflow health	schedule	https://github.com/balajirajput96/B/actions/runs/37485175349
B	37430386577	completed	success	2026-10-06T07:33:19Z	2026-10-06T07:33:30Z	main	Bounded repository workflow health	schedule	https://github.com/balajirajput96/B/actions/runs/37430386577
B	37395889115	completed	success	2026-10-06T00:48:13Z	2026-10-06T00:48:25Z	main	Bounded repository workflow health	schedule	https://github.com/balajirajput96/B/actions/runs/37395889115
B	37355921273	completed	success	2026-10-05T18:26:10Z	2026-10-05T18:26:21Z	main	Bounded repository workflow health	schedule	https://github.com/balajirajput96/B/actions/runs/37355921273
B	37287384307	completed	success	2026-10-05T09:02:05Z	2026-10-05T09:02:19Z	main	Bounded repository workflow health	schedule	https://github.com/balajirajput96/B/actions/runs/37287384307
balaji-ai-assistant	37578965365	completed	success	2026-10-07T05:58:03Z	2026-10-07T05:58:56Z	main	npm_and_yarn in /. for @babel/core, @humanfs/node, @vitest/mocker, @xmldom/xmldom, @xmldom/xmldom, @xmldom/xmldom, @xmldom/xmldom, @xmldom/xmldom, @xmldom/xmldom, @xmldom/xmldom, @xmldom/xmldom, @xmldom/xmldom, @xmldom/xmldom, axios, axios, axios, axios, axios, axios, axios, axios, axios, axios, axios, axios, axios, axios, axios, axios, axios, axios, axios, axios, baseline-browser-mapping, body-parser, brace-expansion, brace-expansion, brace-expansion, brace-expansion, brace-expansion, brace-expansion, b...	dynamic	https://github.com/balajirajput96/balaji-ai-assistant/actions/runs/37578965365
balaji-ai-assistant	37439847772	completed	success	2026-10-06T08:59:28Z	2026-10-06T09:00:32Z	main	npm_and_yarn in /. for @babel/core, @humanfs/node, @vitest/mocker, @xmldom/xmldom, @xmldom/xmldom, @xmldom/xmldom, @xmldom/xmldom, @xmldom/xmldom, @xmldom/xmldom, @xmldom/xmldom, @xmldom/xmldom, @xmldom/xmldom, @xmldom/xmldom, axios, axios, axios, axios, axios, axios, axios, axios, axios, axios, axios, axios, axios, axios, axios, axios, axios, axios, axios, axios, baseline-browser-mapping, body-parser, brace-expansion, brace-expansion, brace-expansion, brace-expansion, brace-expansion, brace-expansion, b...	dynamic	https://github.com/balajirajput96/balaji-ai-assistant/actions/runs/37439847772
balaji-ai-assistant	37435305531	completed	success	2026-10-06T08:19:07Z	2026-10-06T08:20:07Z	main	npm_and_yarn in /. for @babel/core, @humanfs/node, @vitest/mocker, @xmldom/xmldom, @xmldom/xmldom, @xmldom/xmldom, @xmldom/xmldom, @xmldom/xmldom, @xmldom/xmldom, @xmldom/xmldom, @xmldom/xmldom, @xmldom/xmldom, @xmldom/xmldom, axios, axios, axios, axios, axios, axios, axios, axios, axios, axios, axios, axios, axios, axios, axios, axios, axios, axios, axios, axios, baseline-browser-mapping, body-parser, brace-expansion, brace-expansion, brace-expansion, brace-expansion, brace-expansion, brace-expansion, b...	dynamic	https://github.com/balajirajput96/balaji-ai-assistant/actions/runs/37435305531
balaji-ai-assistant	37113805633	completed	success	2026-10-03T09:39:51Z	2026-10-03T09:40:36Z	main	npm_and_yarn in /. for @babel/core, @humanfs/node, @vitest/mocker, @xmldom/xmldom, @xmldom/xmldom, @xmldom/xmldom, @xmldom/xmldom, @xmldom/xmldom, @xmldom/xmldom, @xmldom/xmldom, @xmldom/xmldom, @xmldom/xmldom, @xmldom/xmldom, axios, axios, axios, axios, axios, axios, axios, axios, axios, axios, axios, axios, axios, axios, axios, axios, axios, axios, axios, axios, baseline-browser-mapping, body-parser, brace-expansion, brace-expansion, brace-expansion, brace-expansion, brace-expansion, brace-expansion, b...	dynamic	https://github.com/balajirajput96/balaji-ai-assistant/actions/runs/37113805633
balaji-ai-assistant	36829518471	completed	success	2026-10-01T07:17:57Z	2026-10-01T07:18:48Z	main	npm_and_yarn in /. for @babel/core, @humanfs/node, @vitest/mocker, @xmldom/xmldom, @xmldom/xmldom, @xmldom/xmldom, @xmldom/xmldom, @xmldom/xmldom, @xmldom/xmldom, @xmldom/xmldom, @xmldom/xmldom, @xmldom/xmldom, @xmldom/xmldom, axios, axios, axios, axios, axios, axios, axios, axios, axios, axios, axios, axios, axios, axios, axios, axios, axios, axios, axios, axios, axios, axios, baseline-browser-mapping, body-parser, brace-expansion, brace-expansion, brace-expansion, brace-expansion, brace-expansion, brac...	dynamic	https://github.com/balajirajput96/balaji-ai-assistant/actions/runs/36829518471
balaji-ai-assistant	36202300433	completed	success	2026-09-25T23:46:29Z	2026-09-25T23:47:18Z	main	npm_and_yarn in /. for @babel/core, @humanfs/node, @vitest/mocker, @xmldom/xmldom, @xmldom/xmldom, @xmldom/xmldom, @xmldom/xmldom, @xmldom/xmldom, @xmldom/xmldom, @xmldom/xmldom, @xmldom/xmldom, @xmldom/xmldom, @xmldom/xmldom, axios, axios, axios, axios, axios, axios, axios, axios, axios, axios, axios, axios, axios, axios, axios, axios, axios, axios, axios, axios, axios, axios, axios, baseline-browser-mapping, body-parser, brace-expansion, brace-expansion, brace-expansion, brace-expansion, brace-expansio...	dynamic	https://github.com/balajirajput96/balaji-ai-assistant/actions/runs/36202300433
balaji-ai-assistant	36097505587	completed	success	2026-09-25T05:11:16Z	2026-09-25T05:11:58Z	main	npm_and_yarn in /. for @babel/core, @humanfs/node, @vitest/mocker, @xmldom/xmldom, @xmldom/xmldom, @xmldom/xmldom, @xmldom/xmldom, @xmldom/xmldom, @xmldom/xmldom, @xmldom/xmldom, @xmldom/xmldom, @xmldom/xmldom, @xmldom/xmldom, axios, axios, axios, axios, axios, axios, axios, axios, axios, axios, axios, axios, axios, axios, axios, axios, axios, axios, axios, axios, axios, axios, baseline-browser-mapping, body-parser, brace-expansion, brace-expansion, brace-expansion, brace-expansion, brace-expansion, brac...	dynamic	https://github.com/balajirajput96/balaji-ai-assistant/actions/runs/36097505587
balaji-ai-assistant	34779160512	completed	success	2026-09-13T19:55:29Z	2026-09-13T19:56:23Z	main	npm_and_yarn in /. for @babel/core, @humanfs/node, @vitest/mocker, @xmldom/xmldom, @xmldom/xmldom, @xmldom/xmldom, @xmldom/xmldom, @xmldom/xmldom, @xmldom/xmldom, @xmldom/xmldom, @xmldom/xmldom, @xmldom/xmldom, @xmldom/xmldom, axios, axios, axios, axios, axios, axios, axios, axios, axios, axios, axios, axios, axios, axios, axios, axios, axios, axios, axios, axios, axios, axios, baseline-browser-mapping, body-parser, brace-expansion, brace-expansion, brace-expansion, brace-expansion, brace-expansion, brac...	dynamic	https://github.com/balajirajput96/balaji-ai-assistant/actions/runs/34779160512
balaji-ai-assistant	34470455700	completed	success	2026-09-10T11:16:49Z	2026-09-10T11:17:45Z	main	npm_and_yarn in /. for @babel/core, @humanfs/node, @vitest/mocker, @xmldom/xmldom, @xmldom/xmldom, @xmldom/xmldom, @xmldom/xmldom, @xmldom/xmldom, @xmldom/xmldom, @xmldom/xmldom, @xmldom/xmldom, @xmldom/xmldom, axios, axios, axios, axios, axios, axios, axios, axios, axios, axios, axios, axios, axios, axios, axios, axios, axios, axios, axios, axios, axios, axios, axios, axios, axios, baseline-browser-mapping, body-parser, brace-expansion, brace-expansion, brace-expansion, brace-expansion, brace-expansion,...	dynamic	https://github.com/balajirajput96/balaji-ai-assistant/actions/runs/34470455700
balaji-ai-assistant	34469761346	completed	success	2026-09-10T11:08:57Z	2026-09-10T11:09:51Z	main	npm_and_yarn in /. for @babel/core, @humanfs/node, @vitest/mocker, @xmldom/xmldom, @xmldom/xmldom, @xmldom/xmldom, @xmldom/xmldom, @xmldom/xmldom, @xmldom/xmldom, @xmldom/xmldom, @xmldom/xmldom, @xmldom/xmldom, axios, axios, axios, axios, axios, axios, axios, axios, axios, axios, axios, axios, axios, axios, axios, axios, axios, axios, axios, axios, axios, axios, axios, axios, axios, baseline-browser-mapping, body-parser, brace-expansion, brace-expansion, brace-expansion, brace-expansion, brace-expansion,...	dynamic	https://github.com/balajirajput96/balaji-ai-assistant/actions/runs/34469761346
balaji-ai-assistant	34468744039	completed	success	2026-09-10T10:57:26Z	2026-09-10T10:58:13Z	main	npm_and_yarn in /. for @babel/core, @humanfs/node, @vitest/mocker, @xmldom/xmldom, @xmldom/xmldom, @xmldom/xmldom, @xmldom/xmldom, @xmldom/xmldom, @xmldom/xmldom, @xmldom/xmldom, axios, axios, axios, axios, axios, axios, axios, axios, axios, axios, axios, axios, axios, axios, axios, axios, axios, axios, axios, axios, axios, axios, axios, axios, axios, axios, baseline-browser-mapping, body-parser, brace-expansion, brace-expansion, brace-expansion, brace-expansion, brace-expansion, brace-expansion, browser...	dynamic	https://github.com/balajirajput96/balaji-ai-assistant/actions/runs/34468744039
balaji-ai-assistant	34468698101	completed	success	2026-09-10T10:56:52Z	2026-09-10T10:57:53Z	main	npm_and_yarn in /. for @babel/core, @humanfs/node, @vitest/mocker, @xmldom/xmldom, @xmldom/xmldom, @xmldom/xmldom, @xmldom/xmldom, @xmldom/xmldom, @xmldom/xmldom, axios, axios, axios, axios, axios, axios, axios, axios, axios, axios, axios, axios, axios, axios, axios, axios, axios, axios, axios, axios, axios, axios, axios, axios, axios, axios, axios, baseline-browser-mapping, body-parser, brace-expansion, brace-expansion, brace-expansion, brace-expansion, brace-expansion, brace-expansion, browserslist, br...	dynamic	https://github.com/balajirajput96/balaji-ai-assistant/actions/runs/34468698101
balaji-ai-assistant	34431160467	completed	success	2026-09-10T02:52:52Z	2026-09-10T02:53:44Z	main	npm_and_yarn in /. for @babel/core, @humanfs/node, @vitest/mocker, @xmldom/xmldom, @xmldom/xmldom, @xmldom/xmldom, @xmldom/xmldom, @xmldom/xmldom, axios, axios, axios, axios, axios, axios, axios, axios, axios, axios, axios, axios, axios, axios, axios, axios, axios, axios, axios, axios, axios, axios, axios, axios, axios, axios, axios, axios, baseline-browser-mapping, body-parser, brace-expansion, brace-expansion, brace-expansion, brace-expansion, brace-expansion, brace-expansion, browserslist, browserslis...	dynamic	https://github.com/balajirajput96/balaji-ai-assistant/actions/runs/34431160467
balaji-ai-assistant	34427413190	completed	success	2026-09-10T01:55:43Z	2026-09-10T01:56:33Z	main	npm_and_yarn in /. for @babel/core, @humanfs/node, @vitest/mocker, @xmldom/xmldom, @xmldom/xmldom, @xmldom/xmldom, @xmldom/xmldom, @xmldom/xmldom, axios, axios, axios, axios, axios, axios, axios, axios, axios, axios, axios, axios, axios, axios, axios, axios, axios, axios, axios, axios, axios, axios, axios, axios, axios, axios, axios, axios, baseline-browser-mapping, body-parser, brace-expansion, brace-expansion, brace-expansion, brace-expansion, brace-expansion, brace-expansion, browserslist, browserslis...	dynamic	https://github.com/balajirajput96/balaji-ai-assistant/actions/runs/34427413190
balaji-ai-assistant	34420967981	completed	success	2026-09-10T00:21:50Z	2026-09-10T00:22:39Z	main	npm_and_yarn in /. for @babel/core, @humanfs/node, @vitest/mocker, @xmldom/xmldom, @xmldom/xmldom, @xmldom/xmldom, @xmldom/xmldom, @xmldom/xmldom, axios, axios, axios, axios, axios, axios, axios, axios, axios, axios, axios, axios, axios, axios, axios, axios, axios, axios, axios, axios, axios, axios, axios, axios, axios, axios, axios, axios, baseline-browser-mapping, body-parser, brace-expansion, brace-expansion, brace-expansion, brace-expansion, brace-expansion, brace-expansion, browserslist, browserslis...	dynamic	https://github.com/balajirajput96/balaji-ai-assistant/actions/runs/34420967981
balaji-ai-assistant	34321964130	completed	success	2026-09-09T07:03:36Z	2026-09-09T07:04:17Z	main	npm_and_yarn in /. for @babel/core, @humanfs/node, @vitest/mocker, @xmldom/xmldom, @xmldom/xmldom, @xmldom/xmldom, @xmldom/xmldom, @xmldom/xmldom, axios, axios, axios, axios, axios, axios, axios, axios, axios, axios, axios, axios, axios, axios, axios, axios, axios, axios, axios, axios, axios, axios, axios, axios, axios, axios, axios, axios, body-parser, brace-expansion, brace-expansion, brace-expansion, brace-expansion, brace-expansion, brace-expansion, browserslist, browserslist, decode-uri-component, d...	dynamic	https://github.com/balajirajput96/balaji-ai-assistant/actions/runs/34321964130
balaji-ai-assistant	34217479173	completed	success	2026-09-08T10:49:36Z	2026-09-08T10:50:13Z	main	npm_and_yarn in /. for @babel/core, @humanfs/node, @xmldom/xmldom, @xmldom/xmldom, @xmldom/xmldom, @xmldom/xmldom, @xmldom/xmldom, @xmldom/xmldom, axios, axios, axios, axios, axios, axios, axios, axios, axios, axios, axios, axios, axios, axios, axios, axios, axios, axios, axios, axios, axios, axios, axios, axios, axios, axios, axios, axios, body-parser, brace-expansion, brace-expansion, brace-expansion, brace-expansion, brace-expansion, brace-expansion, browserslist, browserslist, decode-uri-component, d...	dynamic	https://github.com/balajirajput96/balaji-ai-assistant/actions/runs/34217479173
balaji-ai-assistant	34094231012	completed	success	2026-09-07T07:11:09Z	2026-09-07T07:11:59Z	main	npm_and_yarn in /. for @babel/core, @humanfs/node, @xmldom/xmldom, @xmldom/xmldom, @xmldom/xmldom, @xmldom/xmldom, @xmldom/xmldom, @xmldom/xmldom, axios, axios, axios, axios, axios, axios, axios, axios, axios, axios, axios, axios, axios, axios, axios, axios, axios, axios, axios, axios, axios, axios, axios, axios, axios, axios, axios, axios, body-parser, brace-expansion, brace-expansion, brace-expansion, brace-expansion, brace-expansion, brace-expansion, brace-expansion, browserslist, decode-uri-component...	dynamic	https://github.com/balajirajput96/balaji-ai-assistant/actions/runs/34094231012
balaji-ai-assistant	34091716492	completed	success	2026-09-07T06:38:05Z	2026-09-07T06:39:00Z	main	npm_and_yarn in /. for @babel/core, @humanfs/node, @xmldom/xmldom, @xmldom/xmldom, @xmldom/xmldom, @xmldom/xmldom, @xmldom/xmldom, @xmldom/xmldom, axios, axios, axios, axios, axios, axios, axios, axios, axios, axios, axios, axios, axios, axios, axios, axios, axios, axios, axios, axios, axios, axios, axios, axios, axios, axios, axios, axios, body-parser, brace-expansion, brace-expansion, brace-expansion, brace-expansion, brace-expansion, brace-expansion, brace-expansion, browserslist, decode-uri-component...	dynamic	https://github.com/balajirajput96/balaji-ai-assistant/actions/runs/34091716492
balaji-ai-assistant	34013686467	completed	success	2026-09-06T05:19:15Z	2026-09-06T05:19:57Z	main	npm_and_yarn in /. for @babel/core, @humanfs/node, @xmldom/xmldom, @xmldom/xmldom, @xmldom/xmldom, @xmldom/xmldom, @xmldom/xmldom, @xmldom/xmldom, axios, axios, axios, axios, axios, axios, axios, axios, axios, axios, axios, axios, axios, axios, axios, axios, axios, axios, axios, axios, axios, axios, axios, axios, axios, axios, axios, axios, body-parser, brace-expansion, brace-expansion, brace-expansion, brace-expansion, brace-expansion, brace-expansion, brace-expansion, brace-expansion, decode-uri-compon...	dynamic	https://github.com/balajirajput96/balaji-ai-assistant/actions/runs/34013686467
balaji-free-selfhost-n8n	32153915831	completed	success	2026-08-18T15:21:03Z	2026-08-18T15:21:15Z	main	Validate Compose	push	https://github.com/balajirajput96/balaji-free-selfhost-n8n/actions/runs/32153915831
balaji-professional-portfolio	32155035070	completed	success	2026-08-18T15:32:06Z	2026-08-18T15:32:15Z	main	Verify static portfolio	push	https://github.com/balajirajput96/balaji-professional-portfolio/actions/runs/32155035070
bulk-resume-sender	37338193777	completed	success	2026-10-05T16:06:17Z	2026-10-05T16:07:25Z	main	npm_and_yarn in /. for @babel/core, @vitest/mocker, axios, axios, axios, axios, axios, axios, axios, axios, axios, baseline-browser-mapping, body-parser, browserslist, dompurify, dompurify, dompurify, dompurify, dompurify, dompurify, dompurify, dompurify, dompurify, dompurify, dompurify, dompurify, dompurify, dompurify, dompurify, dompurify, dompurify, dompurify, esbuild, mdast-util-to-hast, mermaid, mermaid, mermaid, mermaid, mermaid, mermaid, mermaid, mermaid, mermaid, mysql2, mysql2, qs, qs, qs, qs, u...	dynamic	https://github.com/balajirajput96/bulk-resume-sender/actions/runs/37338193777
bulk-resume-sender	37337163982	completed	success	2026-10-05T15:58:38Z	2026-10-05T15:59:28Z	main	npm_and_yarn in /. for @babel/core, @vitest/mocker, axios, axios, axios, axios, axios, axios, axios, baseline-browser-mapping, body-parser, browserslist, dompurify, dompurify, dompurify, dompurify, dompurify, dompurify, dompurify, dompurify, dompurify, dompurify, dompurify, dompurify, dompurify, dompurify, dompurify, dompurify, dompurify, dompurify, esbuild, mdast-util-to-hast, mermaid, mermaid, mermaid, mermaid, mermaid, mermaid, mermaid, mermaid, mermaid, mysql2, mysql2, qs, qs, qs, qs, uuid, vitest, v...	dynamic	https://github.com/balajirajput96/bulk-resume-sender/actions/runs/37337163982
bulk-resume-sender	37334978180	completed	success	2026-10-05T15:42:24Z	2026-10-05T15:43:20Z	main	npm_and_yarn in /. for @babel/core, @vitest/mocker, axios, axios, axios, axios, axios, axios, baseline-browser-mapping, body-parser, browserslist, dompurify, dompurify, dompurify, dompurify, dompurify, dompurify, dompurify, dompurify, dompurify, dompurify, dompurify, dompurify, dompurify, dompurify, dompurify, dompurify, dompurify, dompurify, esbuild, mdast-util-to-hast, mermaid, mermaid, mermaid, mermaid, mermaid, mermaid, mermaid, mermaid, mermaid, mysql2, mysql2, qs, qs, qs, qs, uuid, vitest, vitest -...	dynamic	https://github.com/balajirajput96/bulk-resume-sender/actions/runs/37334978180
bulk-resume-sender	37314276330	completed	success	2026-10-05T13:06:30Z	2026-10-05T13:07:37Z	main	npm_and_yarn in /. for @babel/core, @vitest/mocker, axios, axios, axios, axios, axios, axios, baseline-browser-mapping, body-parser, browserslist, dompurify, dompurify, dompurify, dompurify, dompurify, dompurify, dompurify, dompurify, dompurify, dompurify, dompurify, dompurify, dompurify, dompurify, dompurify, dompurify, dompurify, dompurify, esbuild, mdast-util-to-hast, mermaid, mermaid, mermaid, mermaid, mermaid, mermaid, mermaid, mermaid, mermaid, mysql2, mysql2, qs, qs, qs, qs, uuid, vitest, vitest -...	dynamic	https://github.com/balajirajput96/bulk-resume-sender/actions/runs/37314276330
bulk-resume-sender	37311620785	completed	success	2026-10-05T12:44:22Z	2026-10-05T12:45:16Z	main	npm_and_yarn in /. for @babel/core, @vitest/mocker, axios, axios, axios, baseline-browser-mapping, body-parser, browserslist, dompurify, dompurify, dompurify, dompurify, dompurify, dompurify, dompurify, dompurify, dompurify, dompurify, dompurify, dompurify, dompurify, dompurify, dompurify, dompurify, dompurify, dompurify, esbuild, mdast-util-to-hast, mermaid, mermaid, mermaid, mermaid, mermaid, mermaid, mermaid, mermaid, mermaid, mysql2, mysql2, qs, qs, qs, qs, uuid, vitest, vitest - Update #1610294468	dynamic	https://github.com/balajirajput96/bulk-resume-sender/actions/runs/37311620785
bulk-resume-sender	37311556430	completed	success	2026-10-05T12:43:50Z	2026-10-05T12:44:44Z	main	npm_and_yarn in /. for @babel/core, @vitest/mocker, axios, axios, baseline-browser-mapping, body-parser, browserslist, dompurify, dompurify, dompurify, dompurify, dompurify, dompurify, dompurify, dompurify, dompurify, dompurify, dompurify, dompurify, dompurify, dompurify, dompurify, dompurify, dompurify, dompurify, esbuild, mdast-util-to-hast, mermaid, mermaid, mermaid, mermaid, mermaid, mermaid, mermaid, mermaid, mermaid, mysql2, mysql2, qs, qs, qs, qs, uuid, vitest, vitest - Update #1610291927	dynamic	https://github.com/balajirajput96/bulk-resume-sender/actions/runs/37311556430
bulk-resume-sender	37277359441	completed	success	2026-10-05T07:22:16Z	2026-10-05T07:23:09Z	main	npm_and_yarn in /. for @babel/core, @vitest/mocker, axios, baseline-browser-mapping, body-parser, browserslist, dompurify, dompurify, dompurify, dompurify, dompurify, dompurify, dompurify, dompurify, dompurify, dompurify, dompurify, dompurify, dompurify, dompurify, dompurify, dompurify, dompurify, dompurify, esbuild, mdast-util-to-hast, mermaid, mermaid, mermaid, mermaid, mermaid, mermaid, mermaid, mermaid, mermaid, mysql2, mysql2, qs, qs, qs, qs, uuid, vitest, vitest - Update #1609481736	dynamic	https://github.com/balajirajput96/bulk-resume-sender/actions/runs/37277359441
bulk-resume-sender	37264827943	completed	success	2026-10-05T04:44:27Z	2026-10-05T04:45:16Z	main	npm_and_yarn in /. for @babel/core, @vitest/mocker, axios, baseline-browser-mapping, body-parser, browserslist, dompurify, dompurify, dompurify, dompurify, dompurify, dompurify, dompurify, dompurify, dompurify, dompurify, dompurify, dompurify, dompurify, dompurify, dompurify, dompurify, dompurify, dompurify, esbuild, mdast-util-to-hast, mermaid, mermaid, mermaid, mermaid, mermaid, mermaid, mermaid, mermaid, mermaid, mysql2, mysql2, qs, qs, qs, qs, uuid, vitest, vitest - Update #1609040502	dynamic	https://github.com/balajirajput96/bulk-resume-sender/actions/runs/37264827943
bulk-resume-sender	34554389457	completed	success	2026-09-11T02:22:49Z	2026-09-11T02:23:42Z	main	npm_and_yarn in /. for @babel/core, @vitest/mocker, baseline-browser-mapping, body-parser, browserslist, dompurify, dompurify, dompurify, dompurify, dompurify, dompurify, dompurify, dompurify, dompurify, dompurify, dompurify, dompurify, dompurify, dompurify, dompurify, dompurify, dompurify, dompurify, esbuild, mdast-util-to-hast, mermaid, mermaid, mermaid, mermaid, mermaid, mermaid, mermaid, mermaid, mermaid, mysql2, mysql2, qs, qs, qs, qs, uuid, vitest - Update #1570337889	dynamic	https://github.com/balajirajput96/bulk-resume-sender/actions/runs/34554389457
bulk-resume-sender	34550158491	completed	success	2026-09-11T01:18:44Z	2026-09-11T01:19:34Z	main	npm_and_yarn in /. for @babel/core, @vitest/mocker, baseline-browser-mapping, body-parser, browserslist, dompurify, dompurify, dompurify, dompurify, dompurify, dompurify, dompurify, dompurify, dompurify, dompurify, dompurify, dompurify, dompurify, dompurify, dompurify, dompurify, dompurify, dompurify, esbuild, mdast-util-to-hast, mermaid, mermaid, mermaid, mermaid, mermaid, mermaid, mermaid, mermaid, mermaid, mysql2, mysql2, qs, qs, qs, qs, uuid - Update #1570172546	dynamic	https://github.com/balajirajput96/bulk-resume-sender/actions/runs/34550158491
bulk-resume-sender	34444706189	completed	success	2026-09-10T06:19:36Z	2026-09-10T06:20:31Z	main	npm_and_yarn in /. for @babel/core, @vitest/mocker, baseline-browser-mapping, body-parser, browserslist, dompurify, dompurify, dompurify, dompurify, dompurify, dompurify, dompurify, dompurify, dompurify, dompurify, dompurify, dompurify, dompurify, dompurify, dompurify, dompurify, dompurify, dompurify, esbuild, mdast-util-to-hast, mermaid, mermaid, mermaid, mermaid, mermaid, mermaid, mermaid, mermaid, mermaid, mysql2, mysql2, qs, qs, qs, qs, uuid - Update #1568066030	dynamic	https://github.com/balajirajput96/bulk-resume-sender/actions/runs/34444706189
bulk-resume-sender	34319117153	completed	success	2026-09-09T06:27:10Z	2026-09-09T06:28:01Z	main	npm_and_yarn in /. for @babel/core, body-parser, browserslist, dompurify, dompurify, dompurify, dompurify, dompurify, dompurify, dompurify, dompurify, dompurify, dompurify, dompurify, dompurify, dompurify, dompurify, dompurify, dompurify, dompurify, dompurify, esbuild, mdast-util-to-hast, mermaid, mermaid, mermaid, mermaid, mermaid, mermaid, mermaid, mermaid, mermaid, mysql2, mysql2, qs, qs, qs, qs, uuid - Update #1565439118	dynamic	https://github.com/balajirajput96/bulk-resume-sender/actions/runs/34319117153
bulk-resume-sender	34183972579	completed	success	2026-09-08T03:34:16Z	2026-09-08T03:34:51Z	main	npm_and_yarn in /. for @babel/core, body-parser, browserslist, dompurify, dompurify, dompurify, dompurify, dompurify, dompurify, dompurify, dompurify, dompurify, dompurify, dompurify, dompurify, dompurify, dompurify, dompurify, dompurify, dompurify, dompurify, esbuild, mdast-util-to-hast, mermaid, mermaid, mermaid, mermaid, mermaid, mermaid, mermaid, mermaid, mermaid, mysql2, mysql2, qs, qs, qs, uuid - Update #1563062129	dynamic	https://github.com/balajirajput96/bulk-resume-sender/actions/runs/34183972579
bulk-resume-sender	34064334813	completed	success	2026-09-06T22:32:51Z	2026-09-06T22:33:31Z	main	npm_and_yarn in /. for @babel/core, body-parser, browserslist, dompurify, dompurify, dompurify, dompurify, dompurify, dompurify, dompurify, dompurify, dompurify, dompurify, dompurify, dompurify, dompurify, dompurify, dompurify, dompurify, dompurify, dompurify, esbuild, mdast-util-to-hast, mermaid, mermaid, mermaid, mermaid, mermaid, mermaid, mermaid, mermaid, mermaid, mysql2, mysql2, qs, qs, qs, uuid - Update #1559804491	dynamic	https://github.com/balajirajput96/bulk-resume-sender/actions/runs/34064334813
bulk-resume-sender	33725426771	completed	success	2026-09-03T06:54:15Z	2026-09-03T06:55:00Z	main	npm_and_yarn in /. for @babel/core, body-parser, dompurify, dompurify, dompurify, dompurify, dompurify, dompurify, dompurify, dompurify, dompurify, dompurify, dompurify, dompurify, dompurify, dompurify, dompurify, dompurify, dompurify, dompurify, esbuild, mdast-util-to-hast, mermaid, mermaid, mermaid, mermaid, mermaid, mermaid, mermaid, mermaid, mermaid, mysql2, mysql2, qs, qs, qs, uuid - Update #1554364243	dynamic	https://github.com/balajirajput96/bulk-resume-sender/actions/runs/33725426771
bulk-resume-sender	33577152362	completed	success	2026-09-02T00:53:21Z	2026-09-02T00:54:06Z	main	npm_and_yarn in /. for @babel/core, body-parser, dompurify, dompurify, dompurify, dompurify, dompurify, dompurify, dompurify, dompurify, dompurify, dompurify, dompurify, dompurify, dompurify, dompurify, dompurify, dompurify, dompurify, dompurify, esbuild, mdast-util-to-hast, mermaid, mermaid, mermaid, mermaid, mermaid, mermaid, mermaid, mermaid, mermaid, mysql2, qs, qs, qs, uuid - Update #1550893190	dynamic	https://github.com/balajirajput96/bulk-resume-sender/actions/runs/33577152362
bulk-resume-sender	33244291809	completed	success	2026-08-29T08:56:00Z	2026-08-29T08:56:42Z	main	Verify application	workflow_dispatch	https://github.com/balajirajput96/bulk-resume-sender/actions/runs/33244291809
bulk-resume-sender	33243104217	completed	success	2026-08-29T08:25:13Z	2026-08-29T08:25:51Z	dependabot/npm_and_yarn/npm_and_yarn-53cbaf2a5b	Verify application	pull_request	https://github.com/balajirajput96/bulk-resume-sender/actions/runs/33243104217
bulk-resume-sender	33243024297	completed	success	2026-08-29T08:23:13Z	2026-08-29T08:25:10Z	main	npm_and_yarn in /. for @babel/core, body-parser, dompurify, dompurify, dompurify, dompurify, dompurify, dompurify, dompurify, dompurify, dompurify, dompurify, dompurify, dompurify, dompurify, dompurify, dompurify, dompurify, dompurify, dompurify, esbuild, mdast-util-to-hast, mermaid, mermaid, mermaid, mermaid, mermaid, mermaid, mermaid, mermaid, mermaid, qs, qs, qs, uuid - Update #1544955889	dynamic	https://github.com/balajirajput96/bulk-resume-sender/actions/runs/33243024297
bulk-resume-sender	32971847549	completed	cancelled	2026-08-26T13:02:09Z	2026-08-27T13:02:12Z	main	npm_and_yarn in /. for @babel/core, body-parser, dompurify, dompurify, dompurify, dompurify, dompurify, dompurify, dompurify, dompurify, dompurify, dompurify, dompurify, dompurify, dompurify, dompurify, dompurify, dompurify, dompurify, dompurify, esbuild, mdast-util-to-hast, mermaid, mermaid, mermaid, mermaid, mermaid, mermaid, mermaid, mermaid, mermaid, qs, qs, qs, uuid - Update #1541700427	dynamic	https://github.com/balajirajput96/bulk-resume-sender/actions/runs/32971847549
career-automation-dashboard	38033370798	completed	success	2026-10-10T07:08:08Z	2026-10-10T07:09:07Z	main	Hourly Maintenance	schedule	https://github.com/balajirajput96/career-automation-dashboard/actions/runs/38033370798
career-automation-dashboard	38010841399	completed	success	2026-10-10T00:51:39Z	2026-10-10T00:52:36Z	main	Hourly Maintenance	schedule	https://github.com/balajirajput96/career-automation-dashboard/actions/runs/38010841399
career-automation-dashboard	37990247281	completed	success	2026-10-09T20:55:54Z	2026-10-09T20:56:51Z	main	Hourly Maintenance	schedule	https://github.com/balajirajput96/career-automation-dashboard/actions/runs/37990247281
career-automation-dashboard	37957503467	completed	success	2026-10-09T16:13:07Z	2026-10-09T16:14:06Z	main	Hourly Maintenance	schedule	https://github.com/balajirajput96/career-automation-dashboard/actions/runs/37957503467
career-automation-dashboard	37908993791	completed	success	2026-10-09T09:05:06Z	2026-10-09T09:06:00Z	main	Hourly Maintenance	schedule	https://github.com/balajirajput96/career-automation-dashboard/actions/runs/37908993791
career-automation-dashboard	37873289056	completed	success	2026-10-09T02:10:18Z	2026-10-09T02:11:15Z	main	Hourly Maintenance	schedule	https://github.com/balajirajput96/career-automation-dashboard/actions/runs/37873289056
career-automation-dashboard	37851106175	completed	success	2026-10-08T22:04:25Z	2026-10-08T22:05:44Z	main	Hourly Maintenance	schedule	https://github.com/balajirajput96/career-automation-dashboard/actions/runs/37851106175
career-automation-dashboard	37809097425	completed	success	2026-10-08T16:28:45Z	2026-10-08T16:29:39Z	main	Hourly Maintenance	schedule	https://github.com/balajirajput96/career-automation-dashboard/actions/runs/37809097425
career-automation-dashboard	37753421770	completed	success	2026-10-08T08:58:25Z	2026-10-08T08:59:23Z	main	Hourly Maintenance	schedule	https://github.com/balajirajput96/career-automation-dashboard/actions/runs/37753421770
career-automation-dashboard	37715349765	completed	success	2026-10-08T01:55:53Z	2026-10-08T01:56:57Z	main	Hourly Maintenance	schedule	https://github.com/balajirajput96/career-automation-dashboard/actions/runs/37715349765
career-automation-dashboard	37693141808	completed	success	2026-10-07T21:58:59Z	2026-10-07T21:59:57Z	main	Hourly Maintenance	schedule	https://github.com/balajirajput96/career-automation-dashboard/actions/runs/37693141808
career-automation-dashboard	37652371075	completed	success	2026-10-07T16:28:56Z	2026-10-07T16:29:58Z	main	Hourly Maintenance	schedule	https://github.com/balajirajput96/career-automation-dashboard/actions/runs/37652371075
career-automation-dashboard	37595243514	completed	success	2026-10-07T08:39:40Z	2026-10-07T08:40:44Z	main	Hourly Maintenance	schedule	https://github.com/balajirajput96/career-automation-dashboard/actions/runs/37595243514
career-automation-dashboard	37557612814	completed	success	2026-10-07T01:32:28Z	2026-10-07T01:33:28Z	main	Hourly Maintenance	schedule	https://github.com/balajirajput96/career-automation-dashboard/actions/runs/37557612814
career-automation-dashboard	37535209996	completed	success	2026-10-06T21:37:38Z	2026-10-06T21:38:40Z	main	Hourly Maintenance	schedule	https://github.com/balajirajput96/career-automation-dashboard/actions/runs/37535209996
career-automation-dashboard	37501589531	completed	success	2026-10-06T17:11:17Z	2026-10-06T17:13:02Z	main	Hourly Maintenance	schedule	https://github.com/balajirajput96/career-automation-dashboard/actions/runs/37501589531
career-automation-dashboard	37448924900	completed	success	2026-10-06T10:18:38Z	2026-10-06T10:19:39Z	main	Hourly Maintenance	schedule	https://github.com/balajirajput96/career-automation-dashboard/actions/runs/37448924900
career-automation-dashboard	37406746299	completed	success	2026-10-06T02:58:30Z	2026-10-06T03:00:05Z	main	Hourly Maintenance	schedule	https://github.com/balajirajput96/career-automation-dashboard/actions/runs/37406746299
career-automation-dashboard	37383663724	completed	success	2026-10-05T22:37:33Z	2026-10-05T22:38:35Z	main	Hourly Maintenance	schedule	https://github.com/balajirajput96/career-automation-dashboard/actions/runs/37383663724
career-automation-dashboard	37337462537	completed	success	2026-10-05T16:00:50Z	2026-10-05T16:01:54Z	main	Hourly Maintenance	schedule	https://github.com/balajirajput96/career-automation-dashboard/actions/runs/37337462537
career-monitoring-hub	37403060902	completed	success	2026-10-06T02:13:12Z	2026-10-06T02:14:05Z	main	npm_and_yarn in /. for @vitest/mocker, axios, axios, axios, axios, axios, axios, axios, axios, baseline-browser-mapping, browserslist, dompurify, esbuild, mysql2, mysql2, qs, qs, undici, undici, undici, undici, undici, undici, undici, vitest - Update #1611888406	dynamic	https://github.com/balajirajput96/career-monitoring-hub/actions/runs/37403060902
career-monitoring-hub	37402765075	completed	success	2026-10-06T02:09:33Z	2026-10-06T02:10:21Z	main	npm_and_yarn in /. for @vitest/mocker, axios, axios, axios, axios, axios, axios, axios, baseline-browser-mapping, browserslist, dompurify, esbuild, mysql2, mysql2, qs, qs, undici, undici, undici, undici, undici, undici, undici, vitest - Update #1611881227	dynamic	https://github.com/balajirajput96/career-monitoring-hub/actions/runs/37402765075
career-monitoring-hub	37401594721	completed	success	2026-10-06T01:55:21Z	2026-10-06T01:56:11Z	main	npm_and_yarn in /. for @vitest/mocker, axios, axios, axios, axios, axios, axios, axios, baseline-browser-mapping, browserslist, dompurify, esbuild, mysql2, mysql2, qs, qs, undici, undici, undici, undici, undici, undici, undici, vitest - Update #1611855435	dynamic	https://github.com/balajirajput96/career-monitoring-hub/actions/runs/37401594721
career-monitoring-hub	37391965747	completed	success	2026-10-06T00:03:50Z	2026-10-06T00:04:43Z	main	npm_and_yarn in /. for @vitest/mocker, axios, axios, axios, axios, axios, baseline-browser-mapping, browserslist, dompurify, esbuild, mysql2, mysql2, qs, qs, undici, undici, undici, undici, undici, undici, undici, vitest - Update #1611673755	dynamic	https://github.com/balajirajput96/career-monitoring-hub/actions/runs/37391965747
career-monitoring-hub	37390485586	completed	success	2026-10-05T23:47:27Z	2026-10-05T23:48:18Z	main	npm_and_yarn in /. for @vitest/mocker, axios, axios, axios, axios, axios, baseline-browser-mapping, browserslist, dompurify, esbuild, mysql2, mysql2, qs, qs, undici, undici, undici, undici, undici, undici, undici, vitest - Update #1611643617	dynamic	https://github.com/balajirajput96/career-monitoring-hub/actions/runs/37390485586
career-monitoring-hub	37390424339	completed	success	2026-10-05T23:46:48Z	2026-10-05T23:47:41Z	main	npm_and_yarn in /. for @vitest/mocker, axios, axios, axios, baseline-browser-mapping, browserslist, dompurify, esbuild, mysql2, mysql2, qs, qs, undici, undici, undici, undici, undici, undici, undici, vitest - Update #1611643031	dynamic	https://github.com/balajirajput96/career-monitoring-hub/actions/runs/37390424339
career-monitoring-hub	37354287048	completed	success	2026-10-05T18:13:11Z	2026-10-05T18:14:02Z	main	npm_and_yarn in /. for @vitest/mocker, axios, baseline-browser-mapping, browserslist, dompurify, esbuild, mysql2, mysql2, qs, qs, undici, undici, undici, undici, undici, undici, undici, vitest - Update #1611033681	dynamic	https://github.com/balajirajput96/career-monitoring-hub/actions/runs/37354287048
career-monitoring-hub	37330648235	completed	success	2026-10-05T15:10:25Z	2026-10-05T15:11:21Z	main	npm_and_yarn in /. for @vitest/mocker, baseline-browser-mapping, browserslist, dompurify, esbuild, mysql2, mysql2, qs, qs, undici, undici, undici, undici, undici, undici, undici, vitest - Update #1610657137	dynamic	https://github.com/balajirajput96/career-monitoring-hub/actions/runs/37330648235
career-monitoring-hub	37304364717	completed	success	2026-10-05T11:39:44Z	2026-10-05T11:40:40Z	main	npm_and_yarn in /. for @vitest/mocker, baseline-browser-mapping, browserslist, esbuild, mysql2, mysql2, qs, qs, undici, undici, undici, undici, undici, undici, undici, vitest - Update #1610133798	dynamic	https://github.com/balajirajput96/career-monitoring-hub/actions/runs/37304364717
career-monitoring-hub	36704204832	completed	success	2026-09-30T10:44:03Z	2026-09-30T10:44:59Z	main	npm_and_yarn in /. for @vitest/mocker, baseline-browser-mapping, browserslist, esbuild, mysql2, mysql2, qs, qs, undici, undici, undici, undici, undici, undici, undici, vitest - Update #1599925436	dynamic	https://github.com/balajirajput96/career-monitoring-hub/actions/runs/36704204832
career-monitoring-hub	36704157755	completed	success	2026-09-30T10:43:36Z	2026-09-30T10:44:54Z	main	npm_and_yarn in /. for @vitest/mocker, baseline-browser-mapping, browserslist, esbuild, mysql2, mysql2, qs, qs, undici, undici, undici, undici, undici, undici, vitest - Update #1599923739	dynamic	https://github.com/balajirajput96/career-monitoring-hub/actions/runs/36704157755
career-monitoring-hub	36703601829	completed	success	2026-09-30T10:38:02Z	2026-09-30T10:38:50Z	main	npm_and_yarn in /. for @vitest/mocker, baseline-browser-mapping, browserslist, esbuild, mysql2, mysql2, qs, qs, undici, undici, undici, undici, vitest - Update #1599917232	dynamic	https://github.com/balajirajput96/career-monitoring-hub/actions/runs/36703601829
career-monitoring-hub	36702174649	completed	success	2026-09-30T10:23:57Z	2026-09-30T10:24:38Z	main	npm_and_yarn in /. for @vitest/mocker, baseline-browser-mapping, browserslist, esbuild, mysql2, mysql2, qs, qs, undici, undici, undici, undici, vitest - Update #1599900620	dynamic	https://github.com/balajirajput96/career-monitoring-hub/actions/runs/36702174649
career-monitoring-hub	36700112738	completed	success	2026-09-30T10:04:08Z	2026-09-30T10:04:56Z	main	npm_and_yarn in /. for @vitest/mocker, baseline-browser-mapping, browserslist, esbuild, mysql2, mysql2, qs, qs, undici, undici, vitest - Update #1599867079	dynamic	https://github.com/balajirajput96/career-monitoring-hub/actions/runs/36700112738
career-monitoring-hub	36699685840	completed	success	2026-09-30T10:00:12Z	2026-09-30T10:01:41Z	main	npm_and_yarn in /. for @vitest/mocker, baseline-browser-mapping, browserslist, esbuild, mysql2, mysql2, qs, qs, undici, undici, vitest - Update #1599858119	dynamic	https://github.com/balajirajput96/career-monitoring-hub/actions/runs/36699685840
career-monitoring-hub	36669552518	completed	success	2026-09-30T04:35:48Z	2026-09-30T04:36:39Z	main	npm_and_yarn in /. for @vitest/mocker, baseline-browser-mapping, browserslist, esbuild, mysql2, mysql2, qs, qs, undici, vitest - Update #1599351100	dynamic	https://github.com/balajirajput96/career-monitoring-hub/actions/runs/36669552518
career-monitoring-hub	34556777074	completed	success	2026-09-11T03:00:24Z	2026-09-11T03:01:18Z	main	npm_and_yarn in /. for @vitest/mocker, baseline-browser-mapping, browserslist, esbuild, mysql2, mysql2, qs, qs, vitest - Update #1570416225	dynamic	https://github.com/balajirajput96/career-monitoring-hub/actions/runs/34556777074
career-monitoring-hub	34463925728	completed	success	2026-09-10T10:02:24Z	2026-09-10T10:03:21Z	main	npm_and_yarn in /. for baseline-browser-mapping, browserslist, esbuild, mysql2, mysql2, qs, qs - Update #1568508142	dynamic	https://github.com/balajirajput96/career-monitoring-hub/actions/runs/34463925728
career-monitoring-hub	34433169038	completed	success	2026-09-10T03:23:51Z	2026-09-10T03:24:53Z	main	npm_and_yarn in /. for baseline-browser-mapping, browserslist, esbuild, mysql2, mysql2, qs, qs - Update #1567728264	dynamic	https://github.com/balajirajput96/career-monitoring-hub/actions/runs/34433169038
career-monitoring-hub	34319155620	completed	success	2026-09-09T06:27:40Z	2026-09-09T06:28:30Z	main	npm_and_yarn in /. for browserslist, esbuild, mysql2, mysql2, qs - Update #1565439666	dynamic	https://github.com/balajirajput96/career-monitoring-hub/actions/runs/34319155620
chatbot	37870068215	completed	success	2026-10-09T01:30:05Z	2026-10-09T01:30:50Z	main	npm_and_yarn in /. for @ai-sdk/provider-utils, @opentelemetry/core, dompurify, dompurify, dompurify, dompurify, dompurify, dompurify, dompurify, dompurify, dompurify, dompurify, dompurify, dompurify, dompurify, dompurify, dompurify, dompurify, dompurify, dompurify, esbuild, kysely, kysely, kysely, linkify-it, linkify-it, lodash-es, lodash-es, markdown-it, markdown-it, markdown-it, mdast-util-to-hast, mermaid, mermaid, mermaid, mermaid, mermaid, mermaid, mermaid, mermaid, mermaid, minimatch, next, next, n...	dynamic	https://github.com/balajirajput96/chatbot/actions/runs/37870068215
chatbot	36831189558	completed	success	2026-10-01T07:35:19Z	2026-10-01T07:36:44Z	main	npm_and_yarn in /. for @ai-sdk/provider-utils, @opentelemetry/core, dompurify, dompurify, dompurify, dompurify, dompurify, dompurify, dompurify, dompurify, dompurify, dompurify, dompurify, dompurify, dompurify, dompurify, dompurify, dompurify, dompurify, dompurify, esbuild, kysely, kysely, kysely, linkify-it, linkify-it, lodash-es, lodash-es, markdown-it, markdown-it, mdast-util-to-hast, mermaid, mermaid, mermaid, mermaid, mermaid, mermaid, mermaid, mermaid, mermaid, minimatch, next, next, next, next, pl...	dynamic	https://github.com/balajirajput96/chatbot/actions/runs/36831189558
chatbot	34572177539	completed	failure	2026-09-11T06:57:34Z	2026-09-11T06:58:24Z	dependabot/npm_and_yarn/npm_and_yarn-5248377724	Verify application	pull_request	https://github.com/balajirajput96/chatbot/actions/runs/34572177539
chatbot	34571959532	completed	failure	2026-09-11T06:54:33Z	2026-09-11T06:57:32Z	main	npm_and_yarn in /. for @ai-sdk/provider-utils, @opentelemetry/core, dompurify, dompurify, dompurify, dompurify, dompurify, dompurify, dompurify, dompurify, dompurify, dompurify, dompurify, dompurify, dompurify, dompurify, dompurify, dompurify, dompurify, dompurify, esbuild, kysely, kysely, kysely, linkify-it, linkify-it, lodash-es, lodash-es, markdown-it, markdown-it, mdast-util-to-hast, mermaid, mermaid, mermaid, mermaid, mermaid, mermaid, mermaid, mermaid, mermaid, minimatch, next, next, next, next, pl...	dynamic	https://github.com/balajirajput96/chatbot/actions/runs/34571959532
chatbot	34560159314	completed	failure	2026-09-11T03:53:44Z	2026-09-11T03:55:45Z	main	npm_and_yarn in /. for @ai-sdk/provider-utils, @opentelemetry/core, dompurify, dompurify, dompurify, dompurify, dompurify, dompurify, dompurify, dompurify, dompurify, dompurify, dompurify, dompurify, dompurify, dompurify, dompurify, dompurify, dompurify, dompurify, esbuild, kysely, kysely, kysely, linkify-it, linkify-it, lodash-es, lodash-es, markdown-it, markdown-it, mdast-util-to-hast, mermaid, mermaid, mermaid, mermaid, mermaid, mermaid, mermaid, mermaid, mermaid, minimatch, playwright, postcss, postc...	dynamic	https://github.com/balajirajput96/chatbot/actions/runs/34560159314
chatbot	34251448718	completed	success	2026-09-08T16:30:17Z	2026-09-08T16:32:40Z	main	npm_and_yarn in /. for @ai-sdk/provider-utils, @opentelemetry/core, dompurify, dompurify, dompurify, dompurify, dompurify, dompurify, dompurify, dompurify, dompurify, dompurify, dompurify, dompurify, dompurify, dompurify, dompurify, dompurify, dompurify, dompurify, esbuild, kysely, kysely, kysely, linkify-it, linkify-it, lodash-es, lodash-es, markdown-it, markdown-it, mdast-util-to-hast, mermaid, mermaid, mermaid, mermaid, mermaid, mermaid, mermaid, mermaid, mermaid, minimatch, playwright, postcss, postc...	dynamic	https://github.com/balajirajput96/chatbot/actions/runs/34251448718
chatbot	32881054628	completed	success	2026-08-25T17:58:41Z	2026-08-25T18:01:54Z	main	npm_and_yarn in /. for @isaacs/brace-expansion, @opentelemetry/core, dompurify, dompurify, dompurify, dompurify, dompurify, dompurify, dompurify, dompurify, dompurify, dompurify, dompurify, dompurify, dompurify, dompurify, dompurify, dompurify, dompurify, dompurify, esbuild, kysely, kysely, kysely, linkify-it, linkify-it, lodash-es, lodash-es, markdown-it, markdown-it, mdast-util-to-hast, mermaid, mermaid, mermaid, mermaid, mermaid, mermaid, mermaid, mermaid, mermaid, minimatch, minimatch, minimatch, pla...	dynamic	https://github.com/balajirajput96/chatbot/actions/runs/32881054628
chatbot	32881043153	completed	success	2026-08-25T17:58:34Z	2026-08-25T18:03:05Z	main	Verify application	push	https://github.com/balajirajput96/chatbot/actions/runs/32881043153
chatbot	32569548714	completed	success	2026-08-22T11:09:58Z	2026-08-22T11:43:09Z	main	Verify application	push	https://github.com/balajirajput96/chatbot/actions/runs/32569548714
chatbot	32568482493	completed	success	2026-08-22T10:46:04Z	2026-08-22T11:08:16Z	manus/chatbot-test-mode-e2e-early-bypass	Verify application	pull_request	https://github.com/balajirajput96/chatbot/actions/runs/32568482493
chatbot	32208865306	completed	success	2026-08-19T02:31:35Z	2026-08-19T02:37:32Z	main	npm_and_yarn in /. for @isaacs/brace-expansion, @opentelemetry/core, dompurify, dompurify, dompurify, dompurify, dompurify, dompurify, dompurify, dompurify, dompurify, dompurify, dompurify, dompurify, dompurify, dompurify, dompurify, dompurify, dompurify, dompurify, esbuild, kysely, kysely, kysely, linkify-it, linkify-it, lodash-es, lodash-es, markdown-it, markdown-it, mdast-util-to-hast, mermaid, mermaid, mermaid, mermaid, mermaid, mermaid, mermaid, mermaid, mermaid, minimatch, minimatch, minimatch, pla...	dynamic	https://github.com/balajirajput96/chatbot/actions/runs/32208865306
chatbot	32205662174	completed	success	2026-08-19T01:38:38Z	2026-08-19T01:55:28Z	main	npm_and_yarn in /. for @isaacs/brace-expansion, @opentelemetry/core, dompurify, dompurify, dompurify, dompurify, dompurify, dompurify, dompurify, dompurify, dompurify, dompurify, dompurify, dompurify, dompurify, dompurify, dompurify, dompurify, dompurify, dompurify, esbuild, kysely, kysely, kysely, linkify-it, linkify-it, lodash-es, lodash-es, markdown-it, markdown-it, mdast-util-to-hast, mermaid, mermaid, mermaid, mermaid, mermaid, mermaid, mermaid, mermaid, mermaid, minimatch, minimatch, minimatch, pla...	dynamic	https://github.com/balajirajput96/chatbot/actions/runs/32205662174
chatbot	32204867855	completed	success	2026-08-19T01:25:23Z	2026-08-19T01:35:16Z	main	Verify application	push	https://github.com/balajirajput96/chatbot/actions/runs/32204867855
chatbot	32203768462	completed	success	2026-08-19T01:07:05Z	2026-08-19T01:25:06Z	dependabot/npm_and_yarn/npm_and_yarn-0880a05855	Verify application	pull_request	https://github.com/balajirajput96/chatbot/actions/runs/32203768462
chatbot	32203429428	completed	success	2026-08-19T01:01:28Z	2026-08-19T01:07:04Z	main	npm_and_yarn in /. for @auth/core, @auth/core, @auth/core, @opentelemetry/core, dompurify, dompurify, dompurify, dompurify, dompurify, dompurify, dompurify, dompurify, dompurify, dompurify, dompurify, dompurify, dompurify, dompurify, dompurify, dompurify, dompurify, drizzle-orm, kysely, kysely, kysely, linkify-it, linkify-it, lodash-es, lodash-es, markdown-it, mermaid, mermaid, mermaid, mermaid, mermaid, mermaid, mermaid, mermaid, mermaid, nanoid, nanoid, nanoid, nanoid, next, next, next, next, next, nex...	dynamic	https://github.com/balajirajput96/chatbot/actions/runs/32203429428
chatbot	32174702204	completed	success	2026-08-18T19:05:51Z	2026-08-18T19:13:12Z	main	Verify application	push	https://github.com/balajirajput96/chatbot/actions/runs/32174702204
chatbot	32173582456	completed	success	2026-08-18T18:54:02Z	2026-08-18T19:12:30Z	fix/chatbot-playwright-ci-timeout	Verify application	pull_request	https://github.com/balajirajput96/chatbot/actions/runs/32173582456
chatbot	32171891049	completed	cancelled	2026-08-18T18:35:53Z	2026-08-18T18:53:01Z	main	Verify application	push	https://github.com/balajirajput96/chatbot/actions/runs/32171891049
chatbot	32170532893	completed	success	2026-08-18T18:21:13Z	2026-08-18T18:35:40Z	fix/playwright-test-mode-memory-store	Verify application	pull_request	https://github.com/balajirajput96/chatbot/actions/runs/32170532893
chatbot	32091011719	completed	success	2026-08-18T02:12:35Z	2026-08-18T02:13:01Z	main	Verify application	push	https://github.com/balajirajput96/chatbot/actions/runs/32091011719
daily-research-reels-automation	38043568292	completed	success	2026-10-10T10:03:23Z	2026-10-10T10:03:32Z	main	Daily research Reel	schedule	https://github.com/balajirajput96/daily-research-reels-automation/actions/runs/38043568292
daily-research-reels-automation	38032221688	completed	success	2026-10-10T06:48:40Z	2026-10-10T06:48:52Z	main	Hourly research reel continuation	schedule	https://github.com/balajirajput96/daily-research-reels-automation/actions/runs/38032221688
daily-research-reels-automation	38009689962	completed	success	2026-10-10T00:35:15Z	2026-10-10T00:35:27Z	main	Hourly research reel continuation	schedule	https://github.com/balajirajput96/daily-research-reels-automation/actions/runs/38009689962
daily-research-reels-automation	37989020636	completed	success	2026-10-09T20:44:44Z	2026-10-09T20:44:55Z	main	Hourly research reel continuation	schedule	https://github.com/balajirajput96/daily-research-reels-automation/actions/runs/37989020636
daily-research-reels-automation	37955436882	completed	success	2026-10-09T15:56:29Z	2026-10-09T15:56:40Z	main	Hourly research reel continuation	schedule	https://github.com/balajirajput96/daily-research-reels-automation/actions/runs/37955436882
daily-research-reels-automation	37919879200	completed	success	2026-10-09T10:48:44Z	2026-10-09T10:48:54Z	main	Daily research Reel	schedule	https://github.com/balajirajput96/daily-research-reels-automation/actions/runs/37919879200
daily-research-reels-automation	37906424500	completed	success	2026-10-09T08:40:34Z	2026-10-09T08:40:45Z	main	Hourly research reel continuation	schedule	https://github.com/balajirajput96/daily-research-reels-automation/actions/runs/37906424500
daily-research-reels-automation	37871689211	completed	success	2026-10-09T01:50:18Z	2026-10-09T01:50:30Z	main	Hourly research reel continuation	schedule	https://github.com/balajirajput96/daily-research-reels-automation/actions/runs/37871689211
daily-research-reels-automation	37849700963	completed	success	2026-10-08T21:51:49Z	2026-10-08T21:52:00Z	main	Hourly research reel continuation	schedule	https://github.com/balajirajput96/daily-research-reels-automation/actions/runs/37849700963
daily-research-reels-automation	37806971796	completed	success	2026-10-08T16:12:30Z	2026-10-08T16:12:41Z	main	Hourly research reel continuation	schedule	https://github.com/balajirajput96/daily-research-reels-automation/actions/runs/37806971796
daily-research-reels-automation	37766071888	completed	success	2026-10-08T10:50:03Z	2026-10-08T10:50:13Z	main	Daily research Reel	schedule	https://github.com/balajirajput96/daily-research-reels-automation/actions/runs/37766071888
daily-research-reels-automation	37750803901	completed	success	2026-10-08T08:35:05Z	2026-10-08T08:35:18Z	main	Hourly research reel continuation	schedule	https://github.com/balajirajput96/daily-research-reels-automation/actions/runs/37750803901
daily-research-reels-automation	37713828148	completed	success	2026-10-08T01:37:10Z	2026-10-08T01:37:19Z	main	Hourly research reel continuation	schedule	https://github.com/balajirajput96/daily-research-reels-automation/actions/runs/37713828148
daily-research-reels-automation	37691983365	completed	success	2026-10-07T21:48:35Z	2026-10-07T21:48:50Z	main	Hourly research reel continuation	schedule	https://github.com/balajirajput96/daily-research-reels-automation/actions/runs/37691983365
daily-research-reels-automation	37650020668	completed	success	2026-10-07T16:10:51Z	2026-10-07T16:11:03Z	main	Hourly research reel continuation	schedule	https://github.com/balajirajput96/daily-research-reels-automation/actions/runs/37650020668
daily-research-reels-automation	37607686122	completed	success	2026-10-07T10:29:00Z	2026-10-07T10:29:08Z	main	Daily research Reel	schedule	https://github.com/balajirajput96/daily-research-reels-automation/actions/runs/37607686122
daily-research-reels-automation	37592956464	completed	success	2026-10-07T08:19:03Z	2026-10-07T08:19:19Z	main	Hourly research reel continuation	schedule	https://github.com/balajirajput96/daily-research-reels-automation/actions/runs/37592956464
daily-research-reels-automation	37556214195	completed	success	2026-10-07T01:15:50Z	2026-10-07T01:16:01Z	main	Hourly research reel continuation	schedule	https://github.com/balajirajput96/daily-research-reels-automation/actions/runs/37556214195
daily-research-reels-automation	37534144166	completed	success	2026-10-06T21:28:32Z	2026-10-06T21:28:46Z	main	Hourly research reel continuation	schedule	https://github.com/balajirajput96/daily-research-reels-automation/actions/runs/37534144166
daily-research-reels-automation	37496755341	completed	success	2026-10-06T16:34:21Z	2026-10-06T16:34:34Z	main	Hourly research reel continuation	schedule	https://github.com/balajirajput96/daily-research-reels-automation/actions/runs/37496755341
free-chatbot	32228605193	completed	success	2026-08-19T07:36:22Z	2026-08-19T07:55:28Z	main	Validate free chatbot	push	https://github.com/balajirajput96/free-chatbot/actions/runs/32228605193
free-chatbot	32228369566	completed	success	2026-08-19T07:33:18Z	2026-08-19T07:52:54Z	ci/validate-static-chatbot	Validate free chatbot	pull_request	https://github.com/balajirajput96/free-chatbot/actions/runs/32228369566
github-audit-automation	38054882154	in_progress		2026-10-10T13:13:14Z	2026-10-10T13:13:18Z	feature/hourly-audit-bootstrap	Hourly GitHub audit continuation	schedule	https://github.com/balajirajput96/github-audit-automation/actions/runs/38054882154
github-audit-automation	38031547806	completed	success	2026-10-10T06:36:53Z	2026-10-10T06:37:48Z	feature/hourly-audit-bootstrap	Hourly GitHub audit continuation	schedule	https://github.com/balajirajput96/github-audit-automation/actions/runs/38031547806
github-audit-automation	38009034705	completed	success	2026-10-10T00:26:09Z	2026-10-10T00:27:13Z	feature/hourly-audit-bootstrap	Hourly GitHub audit continuation	schedule	https://github.com/balajirajput96/github-audit-automation/actions/runs/38009034705
github-audit-automation	37987197599	completed	success	2026-10-09T20:28:13Z	2026-10-09T20:29:15Z	feature/hourly-audit-bootstrap	Hourly GitHub audit continuation	schedule	https://github.com/balajirajput96/github-audit-automation/actions/runs/37987197599
github-audit-automation	37953990632	completed	success	2026-10-09T15:44:35Z	2026-10-09T15:45:59Z	feature/hourly-audit-bootstrap	Hourly GitHub audit continuation	schedule	https://github.com/balajirajput96/github-audit-automation/actions/runs/37953990632
github-audit-automation	37904313584	completed	success	2026-10-09T08:20:07Z	2026-10-09T08:21:16Z	feature/hourly-audit-bootstrap	Hourly GitHub audit continuation	schedule	https://github.com/balajirajput96/github-audit-automation/actions/runs/37904313584
github-audit-automation	37870813275	completed	success	2026-10-09T01:39:14Z	2026-10-09T01:40:25Z	feature/hourly-audit-bootstrap	Hourly GitHub audit continuation	schedule	https://github.com/balajirajput96/github-audit-automation/actions/runs/37870813275
github-audit-automation	37848800045	completed	success	2026-10-08T21:43:51Z	2026-10-08T21:44:59Z	feature/hourly-audit-bootstrap	Hourly GitHub audit continuation	schedule	https://github.com/balajirajput96/github-audit-automation/actions/runs/37848800045
github-audit-automation	37805651345	completed	success	2026-10-08T16:02:31Z	2026-10-08T16:03:58Z	feature/hourly-audit-bootstrap	Hourly GitHub audit continuation	schedule	https://github.com/balajirajput96/github-audit-automation/actions/runs/37805651345
github-audit-automation	37748930985	completed	success	2026-10-08T08:18:07Z	2026-10-08T08:19:11Z	feature/hourly-audit-bootstrap	Hourly GitHub audit continuation	schedule	https://github.com/balajirajput96/github-audit-automation/actions/runs/37748930985
github-audit-automation	37713229303	completed	success	2026-10-08T01:30:04Z	2026-10-08T01:31:14Z	feature/hourly-audit-bootstrap	Hourly GitHub audit continuation	schedule	https://github.com/balajirajput96/github-audit-automation/actions/runs/37713229303
github-audit-automation	37691393263	completed	success	2026-10-07T21:43:23Z	2026-10-07T21:44:33Z	feature/hourly-audit-bootstrap	Hourly GitHub audit continuation	schedule	https://github.com/balajirajput96/github-audit-automation/actions/runs/37691393263
github-audit-automation	37648565257	completed	success	2026-10-07T16:00:15Z	2026-10-07T16:01:22Z	feature/hourly-audit-bootstrap	Hourly GitHub audit continuation	schedule	https://github.com/balajirajput96/github-audit-automation/actions/runs/37648565257
github-audit-automation	37593062148	completed	success	2026-10-07T08:20:02Z	2026-10-07T08:21:09Z	feature/hourly-audit-bootstrap	Hourly GitHub audit continuation	schedule	https://github.com/balajirajput96/github-audit-automation/actions/runs/37593062148
github-audit-automation	37559717070	completed	success	2026-10-07T01:58:33Z	2026-10-07T01:59:41Z	feature/hourly-audit-bootstrap	Hourly GitHub audit continuation	schedule	https://github.com/balajirajput96/github-audit-automation/actions/runs/37559717070
github-audit-automation	37538806196	completed	success	2026-10-06T22:09:54Z	2026-10-06T22:10:54Z	feature/hourly-audit-bootstrap	Hourly GitHub audit continuation	schedule	https://github.com/balajirajput96/github-audit-automation/actions/runs/37538806196
github-audit-automation	37506064342	completed	success	2026-10-06T17:45:53Z	2026-10-06T17:47:06Z	feature/hourly-audit-bootstrap	Hourly GitHub audit continuation	schedule	https://github.com/balajirajput96/github-audit-automation/actions/runs/37506064342
github-audit-automation	37458006423	completed	success	2026-10-06T11:40:49Z	2026-10-06T11:41:51Z	feature/hourly-audit-bootstrap	Hourly GitHub audit continuation	schedule	https://github.com/balajirajput96/github-audit-automation/actions/runs/37458006423
github-audit-automation	37413513665	completed	success	2026-10-06T04:23:53Z	2026-10-06T04:24:49Z	feature/hourly-audit-bootstrap	Hourly GitHub audit continuation	schedule	https://github.com/balajirajput96/github-audit-automation/actions/runs/37413513665
github-audit-automation	37389394082	completed	success	2026-10-05T23:35:53Z	2026-10-05T23:37:04Z	feature/hourly-audit-bootstrap	Hourly GitHub audit continuation	schedule	https://github.com/balajirajput96/github-audit-automation/actions/runs/37389394082
github-cockpit	38054113102	completed	success	2026-10-10T13:01:08Z	2026-10-10T13:02:02Z	main	npm_and_yarn in /. for @vitest/mocker, axios, axios, axios, axios, axios, axios, axios, axios, axios, baseline-browser-mapping, browserslist, dompurify, pnpm, pnpm, pnpm, qs, qs, vitest - Update #1620580466	dynamic	https://github.com/balajirajput96/github-cockpit/actions/runs/38054113102
github-cockpit	37323083241	completed	success	2026-10-05T14:14:18Z	2026-10-05T14:15:14Z	main	npm_and_yarn in /. for @vitest/mocker, axios, axios, axios, axios, axios, axios, axios, axios, axios, baseline-browser-mapping, browserslist, dompurify, pnpm, pnpm, pnpm, qs, qs, vitest - Update #1610531568	dynamic	https://github.com/balajirajput96/github-cockpit/actions/runs/37323083241
github-cockpit	37322684020	completed	success	2026-10-05T14:11:18Z	2026-10-05T14:12:10Z	main	npm_and_yarn in /. for @vitest/mocker, axios, axios, axios, axios, axios, axios, axios, baseline-browser-mapping, browserslist, dompurify, pnpm, pnpm, pnpm, qs, qs, vitest - Update #1610520430	dynamic	https://github.com/balajirajput96/github-cockpit/actions/runs/37322684020
github-cockpit	37320957239	completed	success	2026-10-05T13:58:23Z	2026-10-05T13:59:23Z	main	npm_and_yarn in /. for @vitest/mocker, axios, axios, axios, axios, axios, axios, baseline-browser-mapping, browserslist, dompurify, pnpm, pnpm, pnpm, qs, qs, vitest - Update #1610486328	dynamic	https://github.com/balajirajput96/github-cockpit/actions/runs/37320957239
github-cockpit	37303781768	completed	success	2026-10-05T11:34:14Z	2026-10-05T11:35:05Z	main	npm_and_yarn in /. for @vitest/mocker, axios, axios, axios, axios, axios, axios, baseline-browser-mapping, browserslist, dompurify, pnpm, pnpm, pnpm, qs, qs, vitest - Update #1610124271	dynamic	https://github.com/balajirajput96/github-cockpit/actions/runs/37303781768
github-cockpit	37302629846	completed	success	2026-10-05T11:23:33Z	2026-10-05T11:24:25Z	main	npm_and_yarn in /. for @vitest/mocker, axios, axios, axios, axios, axios, baseline-browser-mapping, browserslist, dompurify, pnpm, pnpm, pnpm, qs, qs, vitest - Update #1610099770	dynamic	https://github.com/balajirajput96/github-cockpit/actions/runs/37302629846
github-cockpit	37302610574	completed	success	2026-10-05T11:23:22Z	2026-10-05T11:24:15Z	main	npm_and_yarn in /. for @vitest/mocker, axios, axios, axios, baseline-browser-mapping, browserslist, dompurify, pnpm, pnpm, pnpm, qs, qs, vitest - Update #1610099509	dynamic	https://github.com/balajirajput96/github-cockpit/actions/runs/37302610574
github-cockpit	37302592806	completed	success	2026-10-05T11:23:12Z	2026-10-05T11:24:05Z	main	npm_and_yarn in /. for @vitest/mocker, axios, axios, baseline-browser-mapping, browserslist, dompurify, pnpm, pnpm, pnpm, qs, qs, vitest - Update #1610099252	dynamic	https://github.com/balajirajput96/github-cockpit/actions/runs/37302592806
github-cockpit	37271400283	completed	success	2026-10-05T06:14:13Z	2026-10-05T06:15:01Z	main	npm_and_yarn in /. for @vitest/mocker, axios, axios, baseline-browser-mapping, browserslist, dompurify, pnpm, pnpm, pnpm, qs, qs, vitest - Update #1609272283	dynamic	https://github.com/balajirajput96/github-cockpit/actions/runs/37271400283
github-cockpit	37260428000	completed	success	2026-10-05T03:41:23Z	2026-10-05T03:42:13Z	main	npm_and_yarn in /. for @vitest/mocker, axios, baseline-browser-mapping, browserslist, dompurify, pnpm, pnpm, pnpm, qs, qs, vitest - Update #1608823934	dynamic	https://github.com/balajirajput96/github-cockpit/actions/runs/37260428000
github-cockpit	37251691620	completed	success	2026-10-05T01:30:27Z	2026-10-05T01:31:23Z	main	npm_and_yarn in /. for @vitest/mocker, baseline-browser-mapping, browserslist, pnpm, pnpm, pnpm, qs, qs, vitest - Update #1608532606	dynamic	https://github.com/balajirajput96/github-cockpit/actions/runs/37251691620
github-cockpit	34550661863	completed	success	2026-09-11T01:26:21Z	2026-09-11T01:27:25Z	main	npm_and_yarn in /. for @vitest/mocker, baseline-browser-mapping, browserslist, pnpm, pnpm, pnpm, qs, qs - Update #1570189541	dynamic	https://github.com/balajirajput96/github-cockpit/actions/runs/34550661863
github-cockpit	34453936360	completed	success	2026-09-10T08:12:40Z	2026-09-10T08:13:39Z	main	npm_and_yarn in /. for baseline-browser-mapping, browserslist, pnpm, pnpm, pnpm, qs, qs - Update #1568311850	dynamic	https://github.com/balajirajput96/github-cockpit/actions/runs/34453936360
github-cockpit	34426160293	completed	success	2026-09-10T01:36:34Z	2026-09-10T01:37:24Z	main	npm_and_yarn in /. for baseline-browser-mapping, browserslist, pnpm, pnpm, pnpm, qs, qs - Update #1567491392	dynamic	https://github.com/balajirajput96/github-cockpit/actions/runs/34426160293
github-cockpit	34319126157	completed	success	2026-09-09T06:27:17Z	2026-09-09T06:28:07Z	main	npm_and_yarn in /. for browserslist, pnpm, pnpm, pnpm, qs - Update #1565439279	dynamic	https://github.com/balajirajput96/github-cockpit/actions/runs/34319126157
github-cockpit	34064333814	completed	success	2026-09-06T22:32:50Z	2026-09-06T22:33:38Z	main	npm_and_yarn in /. for pnpm, pnpm, pnpm, qs - Update #1559804273	dynamic	https://github.com/balajirajput96/github-cockpit/actions/runs/34064333814
github-cockpit	33755590347	completed	success	2026-09-03T12:30:18Z	2026-09-03T12:31:18Z	main	npm_and_yarn in /. for pnpm, pnpm, pnpm - Update #1555214498	dynamic	https://github.com/balajirajput96/github-cockpit/actions/runs/33755590347
github-cockpit	33652220239	completed	success	2026-09-02T16:00:38Z	2026-09-02T16:01:18Z	dependabot/npm_and_yarn/npm_and_yarn-1555d9a891	Signal Ledger CI	pull_request	https://github.com/balajirajput96/github-cockpit/actions/runs/33652220239
github-cockpit	33652051087	completed	success	2026-09-02T15:59:04Z	2026-09-02T16:00:37Z	main	npm_and_yarn in /. for pnpm, pnpm, pnpm - Update #1552465037	dynamic	https://github.com/balajirajput96/github-cockpit/actions/runs/33652051087
github-cockpit	33244318756	completed	success	2026-08-29T08:56:44Z	2026-08-29T08:57:25Z	main	Signal Ledger CI	workflow_dispatch	https://github.com/balajirajput96/github-cockpit/actions/runs/33244318756
github-dashboard	38053739277	completed	success	2026-10-10T12:55:16Z	2026-10-10T12:56:08Z	main	npm_and_yarn in /. for @babel/core, @vitest/mocker, axios, axios, axios, axios, axios, axios, axios, axios, axios, axios, baseline-browser-mapping, browserslist, dompurify, esbuild, esbuild, qs, qs, tar, tar, tar, tar, tar, tar, tar, tar, tar, vitest, vitest - Update #1620578124	dynamic	https://github.com/balajirajput96/github-dashboard/actions/runs/38053739277
github-dashboard	37294000647	completed	success	2026-10-05T10:02:45Z	2026-10-05T10:03:45Z	main	npm_and_yarn in /. for @babel/core, @vitest/mocker, axios, axios, axios, axios, axios, axios, axios, axios, axios, baseline-browser-mapping, browserslist, dompurify, esbuild, esbuild, qs, qs, tar, tar, tar, tar, tar, tar, tar, tar, tar, vitest, vitest - Update #1609897154	dynamic	https://github.com/balajirajput96/github-dashboard/actions/runs/37294000647
github-dashboard	37293754728	completed	success	2026-10-05T10:00:31Z	2026-10-05T10:01:34Z	main	npm_and_yarn in /. for @babel/core, @vitest/mocker, axios, axios, axios, axios, axios, axios, axios, baseline-browser-mapping, browserslist, dompurify, esbuild, esbuild, qs, qs, tar, tar, tar, tar, tar, tar, tar, tar, tar, vitest, vitest - Update #1609892728	dynamic	https://github.com/balajirajput96/github-dashboard/actions/runs/37293754728
github-dashboard	37292288077	completed	success	2026-10-05T09:46:49Z	2026-10-05T09:47:42Z	main	npm_and_yarn in /. for @babel/core, @vitest/mocker, axios, axios, axios, axios, axios, axios, axios, baseline-browser-mapping, browserslist, dompurify, esbuild, esbuild, qs, qs, tar, tar, tar, tar, tar, tar, tar, tar, tar, vitest, vitest - Update #1609869183	dynamic	https://github.com/balajirajput96/github-dashboard/actions/runs/37292288077
github-dashboard	37278221243	completed	success	2026-10-05T07:31:32Z	2026-10-05T07:32:28Z	main	npm_and_yarn in /. for @babel/core, @vitest/mocker, axios, axios, axios, axios, axios, baseline-browser-mapping, browserslist, dompurify, esbuild, esbuild, qs, qs, tar, tar, tar, tar, tar, tar, tar, tar, tar, vitest, vitest - Update #1609499635	dynamic	https://github.com/balajirajput96/github-dashboard/actions/runs/37278221243
github-dashboard	37276995589	completed	success	2026-10-05T07:18:18Z	2026-10-05T07:19:12Z	main	npm_and_yarn in /. for @babel/core, @vitest/mocker, axios, axios, axios, axios, baseline-browser-mapping, browserslist, dompurify, esbuild, esbuild, qs, qs, tar, tar, tar, tar, tar, tar, tar, tar, tar, vitest, vitest - Update #1609475052	dynamic	https://github.com/balajirajput96/github-dashboard/actions/runs/37276995589
github-dashboard	37276978026	completed	success	2026-10-05T07:18:07Z	2026-10-05T07:18:56Z	main	npm_and_yarn in /. for @babel/core, @vitest/mocker, axios, axios, baseline-browser-mapping, browserslist, dompurify, esbuild, esbuild, qs, qs, tar, tar, tar, tar, tar, tar, tar, tar, tar, vitest, vitest - Update #1609474113	dynamic	https://github.com/balajirajput96/github-dashboard/actions/runs/37276978026
github-dashboard	37254924741	completed	success	2026-10-05T02:19:09Z	2026-10-05T02:19:57Z	main	npm_and_yarn in /. for @babel/core, @vitest/mocker, axios, baseline-browser-mapping, browserslist, dompurify, esbuild, esbuild, qs, qs, tar, tar, tar, tar, tar, tar, tar, tar, tar, vitest, vitest - Update #1608638821	dynamic	https://github.com/balajirajput96/github-dashboard/actions/runs/37254924741
github-dashboard	37245221076	completed	success	2026-10-04T23:50:48Z	2026-10-04T23:51:43Z	main	npm_and_yarn in /. for @babel/core, @vitest/mocker, axios, baseline-browser-mapping, browserslist, dompurify, esbuild, esbuild, qs, qs, tar, tar, tar, tar, tar, tar, tar, tar, tar, vitest, vitest - Update #1608300397	dynamic	https://github.com/balajirajput96/github-dashboard/actions/runs/37245221076
github-dashboard	37237655840	completed	success	2026-10-04T21:49:53Z	2026-10-04T21:50:43Z	main	npm_and_yarn in /. for @babel/core, @vitest/mocker, baseline-browser-mapping, browserslist, esbuild, esbuild, qs, qs, tar, tar, tar, tar, tar, tar, tar, tar, tar, vitest, vitest - Update #1608187033	dynamic	https://github.com/balajirajput96/github-dashboard/actions/runs/37237655840
github-dashboard	34545956276	completed	success	2026-09-11T00:18:47Z	2026-09-11T00:19:22Z	dependabot/npm_and_yarn/npm_and_yarn-8bd3e5320a	Validate dashboard	pull_request	https://github.com/balajirajput96/github-dashboard/actions/runs/34545956276
github-dashboard	34545797398	completed	failure	2026-09-11T00:16:35Z	2026-09-11T00:18:47Z	main	npm_and_yarn in /. for @babel/core, @vitest/mocker, baseline-browser-mapping, browserslist, esbuild, esbuild, qs, qs, tar, tar, tar, tar, tar, tar, tar, tar, tar, vitest - Update #1570009143	dynamic	https://github.com/balajirajput96/github-dashboard/actions/runs/34545797398
github-dashboard	34524669411	completed	failure	2026-09-10T20:09:25Z	2026-09-10T20:11:22Z	main	npm_and_yarn in /. for @babel/core, @vitest/mocker, baseline-browser-mapping, browserslist, esbuild, esbuild, qs, qs, tar, tar, tar, tar, tar, tar, tar, tar, tar - Update #1569498435	dynamic	https://github.com/balajirajput96/github-dashboard/actions/runs/34524669411
github-dashboard	34432699903	completed	failure	2026-09-10T03:16:30Z	2026-09-10T03:18:19Z	main	npm_and_yarn in /. for @babel/core, @vitest/mocker, baseline-browser-mapping, browserslist, esbuild, esbuild, qs, qs, tar, tar, tar, tar, tar, tar, tar, tar, tar - Update #1567711986	dynamic	https://github.com/balajirajput96/github-dashboard/actions/runs/34432699903
github-dashboard	34429486346	completed	failure	2026-09-10T02:27:02Z	2026-09-10T02:28:53Z	main	npm_and_yarn in /. for @babel/core, baseline-browser-mapping, browserslist, esbuild, esbuild, qs, tar, tar, tar, tar, tar, tar, tar, tar, tar - Update #1567602804	dynamic	https://github.com/balajirajput96/github-dashboard/actions/runs/34429486346
github-dashboard	34322234066	completed	failure	2026-09-09T07:06:53Z	2026-09-09T07:08:29Z	main	npm_and_yarn in /. for @babel/core, browserslist, esbuild, esbuild, qs, tar, tar, tar, tar, tar, tar, tar, tar, tar - Update #1565511959	dynamic	https://github.com/balajirajput96/github-dashboard/actions/runs/34322234066
github-dashboard	34064332583	completed	success	2026-09-06T22:32:48Z	2026-09-06T22:34:05Z	main	npm_and_yarn in /. for @babel/core, browserslist, esbuild, esbuild, qs, tar, tar, tar, tar, tar, tar, tar, tar, tar - Update #1559804281	dynamic	https://github.com/balajirajput96/github-dashboard/actions/runs/34064332583
github-dashboard	33759415015	completed	success	2026-09-03T13:09:08Z	2026-09-03T13:10:26Z	main	npm_and_yarn in /. for @babel/core, esbuild, esbuild, tar, tar, tar, tar, tar, tar, tar, tar, tar - Update #1555310622	dynamic	https://github.com/balajirajput96/github-dashboard/actions/runs/33759415015
github-dashboard	33243018783	completed	success	2026-08-29T08:23:06Z	2026-08-29T08:24:21Z	main	npm_and_yarn in /. for @babel/core, esbuild, esbuild, tar, tar, tar, tar, tar, tar, tar, tar, tar - Update #1544955859	dynamic	https://github.com/balajirajput96/github-dashboard/actions/runs/33243018783
github-dashboard	33243017140	completed	success	2026-08-29T08:23:03Z	2026-08-29T08:24:13Z	main	npm_and_yarn in /. for @babel/core, esbuild, tar, tar, tar, tar, tar, tar, tar, tar - Update #1544955852	dynamic	https://github.com/balajirajput96/github-dashboard/actions/runs/33243017140
github-engineering-audit	38037875732	completed	success	2026-10-10T08:26:19Z	2026-10-10T08:26:28Z	main	Validate redacted engineering audit	schedule	https://github.com/balajirajput96/github-engineering-audit/actions/runs/38037875732
github-engineering-audit	37908180709	completed	success	2026-10-09T08:57:25Z	2026-10-09T08:57:33Z	main	Validate redacted engineering audit	schedule	https://github.com/balajirajput96/github-engineering-audit/actions/runs/37908180709
github-engineering-audit	37752866679	completed	success	2026-10-08T08:53:31Z	2026-10-08T08:53:42Z	main	Validate redacted engineering audit	schedule	https://github.com/balajirajput96/github-engineering-audit/actions/runs/37752866679
github-engineering-audit	37594758739	completed	success	2026-10-07T08:35:18Z	2026-10-07T08:35:30Z	main	Validate redacted engineering audit	schedule	https://github.com/balajirajput96/github-engineering-audit/actions/runs/37594758739
github-engineering-audit	37439398482	completed	success	2026-10-06T08:55:31Z	2026-10-06T08:56:15Z	main	Validate redacted engineering audit	schedule	https://github.com/balajirajput96/github-engineering-audit/actions/runs/37439398482
github-engineering-audit	37286824162	completed	success	2026-10-05T08:56:50Z	2026-10-05T08:56:58Z	main	Validate redacted engineering audit	schedule	https://github.com/balajirajput96/github-engineering-audit/actions/runs/37286824162
github-engineering-audit	37188800935	completed	success	2026-10-04T08:24:09Z	2026-10-04T08:24:18Z	main	Validate redacted engineering audit	schedule	https://github.com/balajirajput96/github-engineering-audit/actions/runs/37188800935
github-engineering-audit	37108347645	completed	success	2026-10-03T08:02:17Z	2026-10-03T08:02:26Z	main	Validate redacted engineering audit	schedule	https://github.com/balajirajput96/github-engineering-audit/actions/runs/37108347645
github-engineering-audit	36984041436	completed	success	2026-10-02T08:26:30Z	2026-10-02T08:26:38Z	main	Validate redacted engineering audit	schedule	https://github.com/balajirajput96/github-engineering-audit/actions/runs/36984041436
github-engineering-audit	36838872306	completed	success	2026-10-01T08:50:38Z	2026-10-01T08:50:48Z	main	Validate redacted engineering audit	schedule	https://github.com/balajirajput96/github-engineering-audit/actions/runs/36838872306
github-engineering-audit	36689879918	completed	success	2026-09-30T08:28:08Z	2026-09-30T08:28:20Z	main	Validate redacted engineering audit	schedule	https://github.com/balajirajput96/github-engineering-audit/actions/runs/36689879918
github-engineering-audit	36542505536	completed	success	2026-09-29T08:24:18Z	2026-09-29T08:24:27Z	main	Validate redacted engineering audit	schedule	https://github.com/balajirajput96/github-engineering-audit/actions/runs/36542505536
github-engineering-audit	36398603437	completed	success	2026-09-28T08:38:50Z	2026-09-28T08:38:59Z	main	Validate redacted engineering audit	schedule	https://github.com/balajirajput96/github-engineering-audit/actions/runs/36398603437
github-engineering-audit	36305047502	completed	success	2026-09-27T08:04:21Z	2026-09-27T08:04:30Z	main	Validate redacted engineering audit	schedule	https://github.com/balajirajput96/github-engineering-audit/actions/runs/36305047502
github-engineering-audit	36227293790	completed	success	2026-09-26T07:36:26Z	2026-09-26T07:36:36Z	main	Validate redacted engineering audit	schedule	https://github.com/balajirajput96/github-engineering-audit/actions/runs/36227293790
github-engineering-audit	36109092412	completed	success	2026-09-25T07:43:21Z	2026-09-25T07:43:30Z	main	Validate redacted engineering audit	schedule	https://github.com/balajirajput96/github-engineering-audit/actions/runs/36109092412
github-engineering-audit	35970281638	completed	success	2026-09-24T07:33:42Z	2026-09-24T07:33:51Z	main	Validate redacted engineering audit	schedule	https://github.com/balajirajput96/github-engineering-audit/actions/runs/35970281638
github-engineering-audit	35833138414	completed	success	2026-09-23T07:42:37Z	2026-09-23T07:42:44Z	main	Validate redacted engineering audit	schedule	https://github.com/balajirajput96/github-engineering-audit/actions/runs/35833138414
github-engineering-audit	35700776149	completed	success	2026-09-22T07:40:19Z	2026-09-22T07:40:28Z	main	Validate redacted engineering audit	schedule	https://github.com/balajirajput96/github-engineering-audit/actions/runs/35700776149
github-engineering-audit	35575266849	completed	success	2026-09-21T07:55:25Z	2026-09-21T07:55:32Z	main	Validate redacted engineering audit	schedule	https://github.com/balajirajput96/github-engineering-audit/actions/runs/35575266849
github-mcp-serve	33243065236	completed	success	2026-08-29T08:24:15Z	2026-08-29T08:25:05Z	dependabot/npm_and_yarn/npm_and_yarn-5277a85702	Docker Build	pull_request	https://github.com/balajirajput96/github-mcp-serve/actions/runs/33243065236
github-mcp-serve	33243065232	completed	success	2026-08-29T08:24:15Z	2026-08-29T08:24:33Z	dependabot/npm_and_yarn/npm_and_yarn-5277a85702	CI	pull_request	https://github.com/balajirajput96/github-mcp-serve/actions/runs/33243065232
github-mcp-serve	33243022234	completed	success	2026-08-29T08:23:10Z	2026-08-29T08:24:12Z	main	npm_and_yarn in /. for @modelcontextprotocol/sdk - Update #1544955879	dynamic	https://github.com/balajirajput96/github-mcp-serve/actions/runs/33243022234
github-mcp-serve	32255715238	completed	success	2026-08-19T13:00:51Z	2026-08-19T13:03:49Z	main	Docker Build	push	https://github.com/balajirajput96/github-mcp-serve/actions/runs/32255715238
github-mcp-serve	32255715103	completed	success	2026-08-19T13:00:51Z	2026-08-19T13:04:42Z	main	CI	push	https://github.com/balajirajput96/github-mcp-serve/actions/runs/32255715103
github-mcp-serve	32255439922	completed	success	2026-08-19T12:57:54Z	2026-08-19T13:00:09Z	docs/fine-grained-token-setup	Docker Build	pull_request	https://github.com/balajirajput96/github-mcp-serve/actions/runs/32255439922
github-mcp-serve	32255439883	completed	success	2026-08-19T12:57:53Z	2026-08-19T13:05:00Z	docs/fine-grained-token-setup	CI	pull_request	https://github.com/balajirajput96/github-mcp-serve/actions/runs/32255439883
github-mcp-serve	32020145709	completed	success	2026-08-17T10:26:11Z	2026-08-17T10:26:40Z	main	CI	push	https://github.com/balajirajput96/github-mcp-serve/actions/runs/32020145709
github-mcp-serve	32020145672	completed	success	2026-08-17T10:26:11Z	2026-08-17T10:26:38Z	main	Docker Build	push	https://github.com/balajirajput96/github-mcp-serve/actions/runs/32020145672
github-mcp-serve	32017651343	completed	success	2026-08-17T09:55:41Z	2026-08-17T09:56:17Z	main	Docker Build	push	https://github.com/balajirajput96/github-mcp-serve/actions/runs/32017651343
github-mcp-serve	32017651306	completed	success	2026-08-17T09:55:41Z	2026-08-17T09:56:03Z	main	CI	push	https://github.com/balajirajput96/github-mcp-serve/actions/runs/32017651306
github-mcp-serve	32016868969	completed	success	2026-08-17T09:45:59Z	2026-08-17T09:46:26Z	copilot/complete-fix-deployment	CI	pull_request	https://github.com/balajirajput96/github-mcp-serve/actions/runs/32016868969
github-mcp-serve	32016868858	completed	success	2026-08-17T09:45:59Z	2026-08-17T09:46:37Z	copilot/complete-fix-deployment	Docker Build	pull_request	https://github.com/balajirajput96/github-mcp-serve/actions/runs/32016868858
github-mcp-serve	32016757051	completed	success	2026-08-17T09:44:40Z	2026-08-17T09:45:07Z	copilot/complete-fix-deployment	CI	pull_request	https://github.com/balajirajput96/github-mcp-serve/actions/runs/32016757051
github-mcp-serve	18529446030	completed	success	2025-10-15T12:50:15Z	2025-10-15T13:20:22Z	copilot/complete-fix-deployment	Running Copilot	dynamic	https://github.com/balajirajput96/github-mcp-serve/actions/runs/18529446030
github-mcp-server-	37901981138	completed	success	2026-10-09T07:57:04Z	2026-10-09T07:58:12Z	main	CodeQL Advanced	schedule	https://github.com/balajirajput96/github-mcp-server-/actions/runs/37901981138
github-mcp-server-	37346183385	completed	success	2026-10-05T17:08:26Z	2026-10-05T17:09:13Z	main	npm_and_yarn in /. for @modelcontextprotocol/sdk, @modelcontextprotocol/sdk, @modelcontextprotocol/sdk, ajv, axios, axios, axios, axios, axios, axios, axios, axios, axios, axios, axios, axios, axios, axios, axios, axios, axios, axios, axios, axios, axios, axios, axios, axios, axios, axios, axios, axios, body-parser, body-parser, follow-redirects, form-data, path-to-regexp, path-to-regexp, qs, qs, qs, qs - Update #1610912361	dynamic	https://github.com/balajirajput96/github-mcp-server-/actions/runs/37346183385
github-mcp-server-	36978696948	completed	success	2026-10-02T07:28:00Z	2026-10-02T07:29:09Z	main	CodeQL Advanced	schedule	https://github.com/balajirajput96/github-mcp-server-/actions/runs/36978696948
github-mcp-server-	36103311366	completed	success	2026-09-25T06:32:22Z	2026-09-25T06:33:33Z	main	CodeQL Advanced	schedule	https://github.com/balajirajput96/github-mcp-server-/actions/runs/36103311366
github-mcp-server-	35315282859	completed	success	2026-09-18T06:31:56Z	2026-09-18T06:33:09Z	main	CodeQL Advanced	schedule	https://github.com/balajirajput96/github-mcp-server-/actions/runs/35315282859
github-mcp-server-	34803850930	completed	success	2026-09-14T03:48:32Z	2026-09-14T03:49:02Z	add-ci-tests-7376864227127117442	CI/CD Pipeline	pull_request	https://github.com/balajirajput96/github-mcp-server-/actions/runs/34803850930
github-mcp-server-	34803850911	completed	success	2026-09-14T03:48:32Z	2026-09-14T03:49:38Z	add-ci-tests-7376864227127117442	CodeQL Advanced	pull_request	https://github.com/balajirajput96/github-mcp-server-/actions/runs/34803850911
github-mcp-server-	34803850903	completed	success	2026-09-14T03:48:32Z	2026-09-14T03:49:16Z	add-ci-tests-7376864227127117442	Auto Deploy (FREE Tier)	pull_request	https://github.com/balajirajput96/github-mcp-server-/actions/runs/34803850903
github-mcp-server-	34803850859	completed	success	2026-09-14T03:48:32Z	2026-09-14T03:48:49Z	add-ci-tests-7376864227127117442	Secret Scanning	pull_request	https://github.com/balajirajput96/github-mcp-server-/actions/runs/34803850859
github-mcp-server-	34736140472	completed	success	2026-09-13T03:42:26Z	2026-09-13T03:43:10Z	fix-npm-audit-6130452836199938295	Auto Deploy (FREE Tier)	pull_request	https://github.com/balajirajput96/github-mcp-server-/actions/runs/34736140472
github-mcp-server-	34736140467	completed	success	2026-09-13T03:42:26Z	2026-09-13T03:42:42Z	fix-npm-audit-6130452836199938295	Secret Scanning	pull_request	https://github.com/balajirajput96/github-mcp-server-/actions/runs/34736140467
github-mcp-server-	34736140454	completed	success	2026-09-13T03:42:26Z	2026-09-13T03:43:32Z	fix-npm-audit-6130452836199938295	CodeQL Advanced	pull_request	https://github.com/balajirajput96/github-mcp-server-/actions/runs/34736140454
github-mcp-server-	34736140443	completed	success	2026-09-13T03:42:26Z	2026-09-13T03:42:53Z	fix-npm-audit-6130452836199938295	CI/CD Pipeline	pull_request	https://github.com/balajirajput96/github-mcp-server-/actions/runs/34736140443
github-mcp-server-	34671593221	completed	success	2026-09-12T03:54:04Z	2026-09-12T03:55:13Z	chore/update-dependencies-17599005776903825024	Auto Deploy (FREE Tier)	pull_request	https://github.com/balajirajput96/github-mcp-server-/actions/runs/34671593221
github-mcp-server-	34671593178	completed	success	2026-09-12T03:54:04Z	2026-09-12T03:54:30Z	chore/update-dependencies-17599005776903825024	CI/CD Pipeline	pull_request	https://github.com/balajirajput96/github-mcp-server-/actions/runs/34671593178
github-mcp-server-	34671593172	completed	success	2026-09-12T03:54:04Z	2026-09-12T03:55:07Z	chore/update-dependencies-17599005776903825024	CodeQL Advanced	pull_request	https://github.com/balajirajput96/github-mcp-server-/actions/runs/34671593172
github-mcp-server-	34671593171	completed	success	2026-09-12T03:54:04Z	2026-09-12T03:54:26Z	chore/update-dependencies-17599005776903825024	Secret Scanning	pull_request	https://github.com/balajirajput96/github-mcp-server-/actions/runs/34671593171
github-mcp-server-	34570545477	completed	success	2026-09-11T06:34:58Z	2026-09-11T06:36:20Z	main	CodeQL Advanced	schedule	https://github.com/balajirajput96/github-mcp-server-/actions/runs/34570545477
github-mcp-server-	34560047567	completed	success	2026-09-11T03:51:56Z	2026-09-11T03:52:16Z	fix-npm-audit-vulnerabilities-7187113324423847752	Secret Scanning	pull_request	https://github.com/balajirajput96/github-mcp-server-/actions/runs/34560047567
github-mcp-server-	34560047545	completed	success	2026-09-11T03:51:56Z	2026-09-11T03:52:37Z	fix-npm-audit-vulnerabilities-7187113324423847752	Auto Deploy (FREE Tier)	pull_request	https://github.com/balajirajput96/github-mcp-server-/actions/runs/34560047545
gmail-resume-mailer	37744429258	completed	success	2026-10-08T07:36:00Z	2026-10-08T07:36:51Z	main	npm_and_yarn in /. for @babel/core, @smithy/config-resolver, @vitest/mocker, axios, axios, axios, axios, axios, axios, axios, axios, baseline-browser-mapping, body-parser, browserslist, dompurify, dompurify, dompurify, dompurify, dompurify, dompurify, dompurify, dompurify, dompurify, dompurify, dompurify, dompurify, dompurify, dompurify, dompurify, dompurify, dompurify, dompurify, esbuild, esbuild, fast-xml-parser, fast-xml-parser, fast-xml-parser, fast-xml-parser, fast-xml-parser, fast-xml-parser, fast-...	dynamic	https://github.com/balajirajput96/gmail-resume-mailer/actions/runs/37744429258
gmail-resume-mailer	37716151446	completed	success	2026-10-08T02:05:26Z	2026-10-08T02:06:20Z	main	npm_and_yarn in /. for @babel/core, @smithy/config-resolver, @vitest/mocker, axios, axios, axios, axios, axios, axios, axios, axios, baseline-browser-mapping, body-parser, browserslist, dompurify, dompurify, dompurify, dompurify, dompurify, dompurify, dompurify, dompurify, dompurify, dompurify, dompurify, dompurify, dompurify, dompurify, dompurify, dompurify, dompurify, dompurify, esbuild, esbuild, fast-xml-parser, fast-xml-parser, fast-xml-parser, fast-xml-parser, fast-xml-parser, fast-xml-parser, fast-...	dynamic	https://github.com/balajirajput96/gmail-resume-mailer/actions/runs/37716151446
gmail-resume-mailer	37715178903	completed	success	2026-10-08T01:53:47Z	2026-10-08T01:54:40Z	main	npm_and_yarn in /. for @babel/core, @smithy/config-resolver, @vitest/mocker, axios, axios, axios, axios, axios, axios, axios, baseline-browser-mapping, body-parser, browserslist, dompurify, dompurify, dompurify, dompurify, dompurify, dompurify, dompurify, dompurify, dompurify, dompurify, dompurify, dompurify, dompurify, dompurify, dompurify, dompurify, dompurify, dompurify, esbuild, esbuild, fast-xml-parser, fast-xml-parser, fast-xml-parser, fast-xml-parser, fast-xml-parser, fast-xml-parser, fast-xml-par...	dynamic	https://github.com/balajirajput96/gmail-resume-mailer/actions/runs/37715178903
gmail-resume-mailer	37489378630	completed	success	2026-10-06T15:39:40Z	2026-10-06T15:40:38Z	main	npm_and_yarn in /. for @babel/core, @smithy/config-resolver, @vitest/mocker, axios, axios, axios, axios, axios, baseline-browser-mapping, body-parser, browserslist, dompurify, dompurify, dompurify, dompurify, dompurify, dompurify, dompurify, dompurify, dompurify, dompurify, dompurify, dompurify, dompurify, dompurify, dompurify, dompurify, dompurify, dompurify, esbuild, esbuild, fast-xml-parser, fast-xml-parser, fast-xml-parser, fast-xml-parser, fast-xml-parser, fast-xml-parser, fast-xml-parser, lodash, l...	dynamic	https://github.com/balajirajput96/gmail-resume-mailer/actions/runs/37489378630
gmail-resume-mailer	37455224593	completed	success	2026-10-06T11:15:44Z	2026-10-06T11:16:38Z	main	npm_and_yarn in /. for @babel/core, @smithy/config-resolver, @vitest/mocker, axios, axios, axios, axios, baseline-browser-mapping, body-parser, browserslist, dompurify, dompurify, dompurify, dompurify, dompurify, dompurify, dompurify, dompurify, dompurify, dompurify, dompurify, dompurify, dompurify, dompurify, dompurify, dompurify, dompurify, dompurify, esbuild, esbuild, fast-xml-parser, fast-xml-parser, fast-xml-parser, fast-xml-parser, fast-xml-parser, fast-xml-parser, fast-xml-parser, lodash, lodash, ...	dynamic	https://github.com/balajirajput96/gmail-resume-mailer/actions/runs/37455224593
gmail-resume-mailer	37420903446	completed	success	2026-10-06T05:54:38Z	2026-10-06T05:55:31Z	main	npm_and_yarn in /. for @babel/core, @smithy/config-resolver, @vitest/mocker, axios, axios, axios, baseline-browser-mapping, body-parser, browserslist, dompurify, dompurify, dompurify, dompurify, dompurify, dompurify, dompurify, dompurify, dompurify, dompurify, dompurify, dompurify, dompurify, dompurify, dompurify, dompurify, dompurify, dompurify, esbuild, esbuild, fast-xml-parser, fast-xml-parser, fast-xml-parser, fast-xml-parser, fast-xml-parser, fast-xml-parser, fast-xml-parser, lodash, lodash, lodash,...	dynamic	https://github.com/balajirajput96/gmail-resume-mailer/actions/runs/37420903446
gmail-resume-mailer	37416880648	completed	success	2026-10-06T05:06:18Z	2026-10-06T05:07:19Z	main	npm_and_yarn in /. for @babel/core, @smithy/config-resolver, @vitest/mocker, axios, axios, baseline-browser-mapping, body-parser, browserslist, dompurify, dompurify, dompurify, dompurify, dompurify, dompurify, dompurify, dompurify, dompurify, dompurify, dompurify, dompurify, dompurify, dompurify, dompurify, dompurify, dompurify, dompurify, esbuild, esbuild, fast-xml-parser, fast-xml-parser, fast-xml-parser, fast-xml-parser, fast-xml-parser, fast-xml-parser, fast-xml-parser, lodash, lodash, lodash, lodash...	dynamic	https://github.com/balajirajput96/gmail-resume-mailer/actions/runs/37416880648
gmail-resume-mailer	37369170429	completed	failure	2026-10-05T20:20:59Z	2026-10-05T20:36:05Z	main	npm_and_yarn in /. for @babel/core, @smithy/config-resolver, @vitest/mocker, axios, axios, baseline-browser-mapping, body-parser, browserslist, dompurify, dompurify, dompurify, dompurify, dompurify, dompurify, dompurify, dompurify, dompurify, dompurify, dompurify, dompurify, dompurify, dompurify, dompurify, dompurify, dompurify, dompurify, esbuild, esbuild, fast-xml-parser, fast-xml-parser, fast-xml-parser, fast-xml-parser, fast-xml-parser, fast-xml-parser, fast-xml-parser, lodash, lodash, lodash, lodash...	dynamic	https://github.com/balajirajput96/gmail-resume-mailer/actions/runs/37369170429
gmail-resume-mailer	37335096304	completed	success	2026-10-05T15:43:17Z	2026-10-05T15:44:15Z	main	npm_and_yarn in /. for @babel/core, @smithy/config-resolver, @vitest/mocker, baseline-browser-mapping, body-parser, browserslist, dompurify, dompurify, dompurify, dompurify, dompurify, dompurify, dompurify, dompurify, dompurify, dompurify, dompurify, dompurify, dompurify, dompurify, dompurify, dompurify, dompurify, dompurify, esbuild, esbuild, fast-xml-parser, fast-xml-parser, fast-xml-parser, fast-xml-parser, fast-xml-parser, fast-xml-parser, fast-xml-parser, lodash, lodash, lodash, lodash-es, lodash-es...	dynamic	https://github.com/balajirajput96/gmail-resume-mailer/actions/runs/37335096304
gmail-resume-mailer	34543752397	completed	success	2026-09-10T23:48:11Z	2026-09-10T23:49:08Z	main	npm_and_yarn in /. for @babel/core, @smithy/config-resolver, @vitest/mocker, baseline-browser-mapping, body-parser, browserslist, dompurify, dompurify, dompurify, dompurify, dompurify, dompurify, dompurify, dompurify, dompurify, dompurify, dompurify, dompurify, dompurify, dompurify, dompurify, dompurify, dompurify, dompurify, esbuild, esbuild, fast-xml-parser, fast-xml-parser, fast-xml-parser, fast-xml-parser, fast-xml-parser, fast-xml-parser, fast-xml-parser, lodash, lodash, lodash, lodash-es, lodash-es...	dynamic	https://github.com/balajirajput96/gmail-resume-mailer/actions/runs/34543752397
gmail-resume-mailer	34517508888	completed	success	2026-09-10T18:57:39Z	2026-09-10T18:58:31Z	main	npm_and_yarn in /. for @babel/core, @smithy/config-resolver, @vitest/mocker, baseline-browser-mapping, body-parser, browserslist, dompurify, dompurify, dompurify, dompurify, dompurify, dompurify, dompurify, dompurify, dompurify, dompurify, dompurify, dompurify, dompurify, dompurify, dompurify, dompurify, dompurify, dompurify, esbuild, esbuild, fast-xml-parser, fast-xml-parser, fast-xml-parser, fast-xml-parser, fast-xml-parser, fast-xml-parser, fast-xml-parser, lodash, lodash, lodash, lodash-es, lodash-es...	dynamic	https://github.com/balajirajput96/gmail-resume-mailer/actions/runs/34517508888
gmail-resume-mailer	34429977780	completed	success	2026-09-10T02:34:25Z	2026-09-10T02:35:14Z	main	npm_and_yarn in /. for @babel/core, @smithy/config-resolver, baseline-browser-mapping, body-parser, browserslist, dompurify, dompurify, dompurify, dompurify, dompurify, dompurify, dompurify, dompurify, dompurify, dompurify, dompurify, dompurify, dompurify, dompurify, dompurify, dompurify, dompurify, dompurify, esbuild, esbuild, fast-xml-parser, fast-xml-parser, fast-xml-parser, fast-xml-parser, fast-xml-parser, fast-xml-parser, fast-xml-parser, lodash, lodash, lodash, lodash-es, lodash-es, lodash-es, mda...	dynamic	https://github.com/balajirajput96/gmail-resume-mailer/actions/runs/34429977780
gmail-resume-mailer	34317597129	completed	success	2026-09-09T06:06:12Z	2026-09-09T06:06:59Z	main	npm_and_yarn in /. for @babel/core, @smithy/config-resolver, body-parser, browserslist, dompurify, dompurify, dompurify, dompurify, dompurify, dompurify, dompurify, dompurify, dompurify, dompurify, dompurify, dompurify, dompurify, dompurify, dompurify, dompurify, dompurify, dompurify, esbuild, esbuild, fast-xml-parser, fast-xml-parser, fast-xml-parser, fast-xml-parser, fast-xml-parser, fast-xml-parser, fast-xml-parser, lodash, lodash, lodash, lodash-es, lodash-es, lodash-es, mdast-util-to-hast, mermaid, ...	dynamic	https://github.com/balajirajput96/gmail-resume-mailer/actions/runs/34317597129
gmail-resume-mailer	34183918614	completed	success	2026-09-08T03:33:21Z	2026-09-08T03:33:58Z	main	npm_and_yarn in /. for @babel/core, @smithy/config-resolver, body-parser, browserslist, dompurify, dompurify, dompurify, dompurify, dompurify, dompurify, dompurify, dompurify, dompurify, dompurify, dompurify, dompurify, dompurify, dompurify, dompurify, dompurify, dompurify, dompurify, esbuild, esbuild, fast-xml-parser, fast-xml-parser, fast-xml-parser, fast-xml-parser, fast-xml-parser, fast-xml-parser, fast-xml-parser, lodash, lodash, lodash, lodash-es, lodash-es, lodash-es, mdast-util-to-hast, mermaid, ...	dynamic	https://github.com/balajirajput96/gmail-resume-mailer/actions/runs/34183918614
gmail-resume-mailer	34064322278	completed	success	2026-09-06T22:32:37Z	2026-09-06T22:33:19Z	main	npm_and_yarn in /. for @babel/core, @smithy/config-resolver, body-parser, dompurify, dompurify, dompurify, dompurify, dompurify, dompurify, dompurify, dompurify, dompurify, dompurify, dompurify, dompurify, dompurify, dompurify, dompurify, dompurify, dompurify, dompurify, esbuild, esbuild, fast-xml-parser, fast-xml-parser, fast-xml-parser, fast-xml-parser, fast-xml-parser, fast-xml-parser, fast-xml-parser, lodash, lodash, lodash, lodash-es, lodash-es, lodash-es, mdast-util-to-hast, mermaid, mermaid, merma...	dynamic	https://github.com/balajirajput96/gmail-resume-mailer/actions/runs/34064322278
gmail-resume-mailer	33725754062	completed	success	2026-09-03T06:58:17Z	2026-09-03T06:59:04Z	main	npm_and_yarn in /. for @babel/core, @smithy/config-resolver, body-parser, dompurify, dompurify, dompurify, dompurify, dompurify, dompurify, dompurify, dompurify, dompurify, dompurify, dompurify, dompurify, dompurify, dompurify, dompurify, dompurify, dompurify, dompurify, esbuild, esbuild, fast-xml-parser, fast-xml-parser, fast-xml-parser, fast-xml-parser, fast-xml-parser, fast-xml-parser, fast-xml-parser, lodash, lodash, lodash, lodash-es, lodash-es, lodash-es, mdast-util-to-hast, mermaid, mermaid, merma...	dynamic	https://github.com/balajirajput96/gmail-resume-mailer/actions/runs/33725754062
gmail-resume-mailer	33576355039	completed	success	2026-09-02T00:41:22Z	2026-09-02T00:42:03Z	dependabot/npm_and_yarn/npm_and_yarn-ace467eff4	Verify application	pull_request	https://github.com/balajirajput96/gmail-resume-mailer/actions/runs/33576355039
gmail-resume-mailer	33576187336	completed	success	2026-09-02T00:38:54Z	2026-09-02T00:41:21Z	main	npm_and_yarn in /. for @babel/core, @smithy/config-resolver, body-parser, dompurify, dompurify, dompurify, dompurify, dompurify, dompurify, dompurify, dompurify, dompurify, dompurify, dompurify, dompurify, dompurify, dompurify, dompurify, dompurify, dompurify, dompurify, esbuild, esbuild, fast-xml-parser, fast-xml-parser, fast-xml-parser, fast-xml-parser, fast-xml-parser, fast-xml-parser, fast-xml-parser, lodash, lodash, lodash, lodash-es, lodash-es, lodash-es, mdast-util-to-hast, mermaid, mermaid, merma...	dynamic	https://github.com/balajirajput96/gmail-resume-mailer/actions/runs/33576187336
gmail-resume-mailer	33243021397	completed	success	2026-08-29T08:23:09Z	2026-08-29T08:25:45Z	main	npm_and_yarn in /. for @babel/core, @smithy/config-resolver, body-parser, dompurify, dompurify, dompurify, dompurify, dompurify, dompurify, dompurify, dompurify, dompurify, dompurify, dompurify, dompurify, dompurify, dompurify, dompurify, dompurify, dompurify, dompurify, esbuild, esbuild, fast-xml-parser, fast-xml-parser, fast-xml-parser, fast-xml-parser, fast-xml-parser, fast-xml-parser, fast-xml-parser, lodash, lodash, lodash, lodash-es, lodash-es, lodash-es, mdast-util-to-hast, mermaid, mermaid, merma...	dynamic	https://github.com/balajirajput96/gmail-resume-mailer/actions/runs/33243021397
gmail-resume-mailer	32334694949	completed	success	2026-08-20T05:12:07Z	2026-08-20T06:02:34Z	main	Verify application	push	https://github.com/balajirajput96/gmail-resume-mailer/actions/runs/32334694949
gpt-oss-drive-ai	34552803260	completed	success	2026-09-11T01:58:42Z	2026-09-11T01:59:31Z	main	npm_and_yarn in /. for @vitest/mocker, baseline-browser-mapping, browserslist, esbuild, mysql2, mysql2, qs, qs, vitest, vitest - Update #1570272532	dynamic	https://github.com/balajirajput96/gpt-oss-drive-ai/actions/runs/34552803260
gpt-oss-drive-ai	34548240738	completed	success	2026-09-11T00:51:11Z	2026-09-11T00:51:58Z	main	npm_and_yarn in /. for @vitest/mocker, baseline-browser-mapping, browserslist, esbuild, mysql2, mysql2, qs, qs - Update #1570091894	dynamic	https://github.com/balajirajput96/gpt-oss-drive-ai/actions/runs/34548240738
gpt-oss-drive-ai	34442080017	completed	success	2026-09-10T05:41:25Z	2026-09-10T05:42:13Z	main	npm_and_yarn in /. for baseline-browser-mapping, browserslist, esbuild, mysql2, mysql2, qs, qs - Update #1567984551	dynamic	https://github.com/balajirajput96/gpt-oss-drive-ai/actions/runs/34442080017
gpt-oss-drive-ai	34317665381	completed	success	2026-09-09T06:07:05Z	2026-09-09T06:07:50Z	main	npm_and_yarn in /. for baseline-browser-mapping, browserslist, esbuild, mysql2, mysql2, qs, qs - Update #1565407311	dynamic	https://github.com/balajirajput96/gpt-oss-drive-ai/actions/runs/34317665381
gpt-oss-drive-ai	34316768170	completed	success	2026-09-09T05:54:19Z	2026-09-09T05:55:02Z	main	npm_and_yarn in /. for browserslist, esbuild, mysql2, mysql2, qs, qs - Update #1565379510	dynamic	https://github.com/balajirajput96/gpt-oss-drive-ai/actions/runs/34316768170
gpt-oss-drive-ai	34064351581	completed	success	2026-09-06T22:33:10Z	2026-09-06T22:34:28Z	main	npm_and_yarn in /. for esbuild, mysql2, mysql2, qs - Update #1559805052	dynamic	https://github.com/balajirajput96/gpt-oss-drive-ai/actions/runs/34064351581
gpt-oss-drive-ai	33743414350	completed	success	2026-09-03T10:16:30Z	2026-09-03T10:17:15Z	main	npm_and_yarn in /. for esbuild, mysql2, mysql2, qs - Update #1554838382	dynamic	https://github.com/balajirajput96/gpt-oss-drive-ai/actions/runs/33743414350
gpt-oss-drive-ai	33729785621	completed	success	2026-09-03T07:45:54Z	2026-09-03T07:46:50Z	dependabot/npm_and_yarn/npm_and_yarn-8a330343b4	Validate	pull_request	https://github.com/balajirajput96/gpt-oss-drive-ai/actions/runs/33729785621
gpt-oss-drive-ai	33729690835	completed	success	2026-09-03T07:44:52Z	2026-09-03T07:45:50Z	main	npm_and_yarn in /. for esbuild, mysql2 - Update #1554487299	dynamic	https://github.com/balajirajput96/gpt-oss-drive-ai/actions/runs/33729690835
gpt-oss-drive-ai	33674895619	completed	success	2026-09-02T19:42:13Z	2026-09-02T19:43:48Z	main	Validate	push	https://github.com/balajirajput96/gpt-oss-drive-ai/actions/runs/33674895619
gpt-oss-drive-ai	33577134187	completed	success	2026-09-02T00:53:04Z	2026-09-02T00:53:49Z	main	npm_and_yarn in /. for esbuild - Update #1550891850	dynamic	https://github.com/balajirajput96/gpt-oss-drive-ai/actions/runs/33577134187
gpt-oss-drive-ai	33243012550	completed	success	2026-08-29T08:22:57Z	2026-08-29T08:23:45Z	main	npm_and_yarn in /. for esbuild - Update #1544955828	dynamic	https://github.com/balajirajput96/gpt-oss-drive-ai/actions/runs/33243012550
gpt-oss-drive-ai	32972970852	completed	cancelled	2026-08-26T13:13:53Z	2026-08-26T13:33:59Z	main	Validate	push	https://github.com/balajirajput96/gpt-oss-drive-ai/actions/runs/32972970852
gpt-oss-drive-ai	32872675735	completed	success	2026-08-25T16:33:30Z	2026-08-25T16:34:36Z	main	Validate	push	https://github.com/balajirajput96/gpt-oss-drive-ai/actions/runs/32872675735
gpt-oss-drive-ai	32872419997	completed	success	2026-08-25T16:30:57Z	2026-08-25T16:32:15Z	main	Validate	push	https://github.com/balajirajput96/gpt-oss-drive-ai/actions/runs/32872419997
gpt-oss-drive-ai	32871578934	completed	cancelled	2026-08-25T16:22:33Z	2026-08-26T16:22:37Z	main	npm_and_yarn in /. for esbuild - Update #1540570282	dynamic	https://github.com/balajirajput96/gpt-oss-drive-ai/actions/runs/32871578934
gpt-oss-drive-ai	32613927303	completed	cancelled	2026-08-23T02:52:27Z	2026-08-24T02:52:29Z	main	npm_and_yarn in /. for @babel/core, esbuild, pnpm, pnpm, pnpm, pnpm, pnpm, pnpm, pnpm, pnpm, pnpm, pnpm, pnpm, pnpm, pnpm, postcss, postcss, postcss, postcss, tar, tar, tar, tar, tar - Update #1536571570	dynamic	https://github.com/balajirajput96/gpt-oss-drive-ai/actions/runs/32613927303
gpt-oss-drive-ai	32613570558	completed	cancelled	2026-08-23T02:43:38Z	2026-08-24T02:43:40Z	main	npm_and_yarn in /. for @babel/core, esbuild, pnpm, pnpm, pnpm, pnpm, pnpm, pnpm, pnpm, pnpm, pnpm, pnpm, pnpm, pnpm, pnpm, pnpm, pnpm, pnpm, pnpm, pnpm, pnpm, pnpm, pnpm, pnpm, pnpm, postcss, postcss, postcss, postcss, tar, tar, tar, tar, tar, tar, tar, tar, tar, tar, tar, tar, tar - Update #1536567502	dynamic	https://github.com/balajirajput96/gpt-oss-drive-ai/actions/runs/32613570558
gpt-oss-drive-ai	32612643800	completed	cancelled	2026-08-23T02:21:01Z	2026-08-24T02:21:05Z	main	npm_and_yarn in /. for @babel/core, axios, axios, axios, axios, axios, axios, axios, axios, axios, axios, axios, axios, axios, axios, axios, axios, axios, axios, axios, axios, axios, axios, axios, axios, axios, axios, axios, body-parser, dompurify, dompurify, dompurify, dompurify, dompurify, dompurify, dompurify, dompurify, dompurify, dompurify, dompurify, dompurify, dompurify, dompurify, dompurify, dompurify, drizzle-orm, fast-xml-parser, fast-xml-parser, follow-redirects, form-data, lodash, lodash, lod...	dynamic	https://github.com/balajirajput96/gpt-oss-drive-ai/actions/runs/32612643800
health-reels-automation	38030761028	completed	success	2026-10-10T06:23:26Z	2026-10-10T06:23:41Z	main	Reel queue continuation	schedule	https://github.com/balajirajput96/health-reels-automation/actions/runs/38030761028
health-reels-automation	38030083038	completed	success	2026-10-10T06:11:40Z	2026-10-10T06:11:57Z	main	Daily Repository Maintenance	schedule	https://github.com/balajirajput96/health-reels-automation/actions/runs/38030083038
health-reels-automation	38029841537	completed	success	2026-10-10T06:07:24Z	2026-10-10T06:07:46Z	main	Daily Automation Audit	schedule	https://github.com/balajirajput96/health-reels-automation/actions/runs/38029841537
health-reels-automation	37895141977	completed	success	2026-10-09T06:44:46Z	2026-10-09T06:45:09Z	main	Reel queue continuation	schedule	https://github.com/balajirajput96/health-reels-automation/actions/runs/37895141977
health-reels-automation	37893644361	completed	success	2026-10-09T06:27:49Z	2026-10-09T06:28:05Z	main	Daily Repository Maintenance	schedule	https://github.com/balajirajput96/health-reels-automation/actions/runs/37893644361
health-reels-automation	37893418230	completed	success	2026-10-09T06:25:07Z	2026-10-09T06:25:37Z	main	Daily Automation Audit	schedule	https://github.com/balajirajput96/health-reels-automation/actions/runs/37893418230
health-reels-automation	37738840118	completed	success	2026-10-08T06:39:45Z	2026-10-08T06:40:01Z	main	Reel queue continuation	schedule	https://github.com/balajirajput96/health-reels-automation/actions/runs/37738840118
health-reels-automation	37737626322	completed	success	2026-10-08T06:26:37Z	2026-10-08T06:26:51Z	main	Daily Repository Maintenance	schedule	https://github.com/balajirajput96/health-reels-automation/actions/runs/37737626322
health-reels-automation	37737374218	completed	success	2026-10-08T06:23:52Z	2026-10-08T06:24:17Z	main	Daily Automation Audit	schedule	https://github.com/balajirajput96/health-reels-automation/actions/runs/37737374218
health-reels-automation	37581794355	completed	success	2026-10-07T06:29:41Z	2026-10-07T06:30:12Z	main	Reel queue continuation	schedule	https://github.com/balajirajput96/health-reels-automation/actions/runs/37581794355
health-reels-automation	37580653872	completed	success	2026-10-07T06:16:53Z	2026-10-07T06:17:13Z	main	Daily Repository Maintenance	schedule	https://github.com/balajirajput96/health-reels-automation/actions/runs/37580653872
health-reels-automation	37580447941	completed	success	2026-10-07T06:14:35Z	2026-10-07T06:15:09Z	main	Daily Automation Audit	schedule	https://github.com/balajirajput96/health-reels-automation/actions/runs/37580447941
health-reels-automation	37426174494	completed	success	2026-10-06T06:51:57Z	2026-10-06T06:52:13Z	main	Reel queue continuation	schedule	https://github.com/balajirajput96/health-reels-automation/actions/runs/37426174494
health-reels-automation	37425025024	completed	success	2026-10-06T06:40:06Z	2026-10-06T06:40:25Z	main	Daily Repository Maintenance	schedule	https://github.com/balajirajput96/health-reels-automation/actions/runs/37425025024
health-reels-automation	37424794782	completed	success	2026-10-06T06:37:40Z	2026-10-06T06:38:06Z	main	Daily Automation Audit	schedule	https://github.com/balajirajput96/health-reels-automation/actions/runs/37424794782
health-reels-automation	37271378687	completed	success	2026-10-05T06:13:58Z	2026-10-05T06:14:15Z	main	Reel queue continuation	schedule	https://github.com/balajirajput96/health-reels-automation/actions/runs/37271378687
health-reels-automation	37270373891	completed	success	2026-10-05T06:01:25Z	2026-10-05T06:01:41Z	main	Daily Repository Maintenance	schedule	https://github.com/balajirajput96/health-reels-automation/actions/runs/37270373891
health-reels-automation	37270196669	completed	success	2026-10-05T05:59:10Z	2026-10-05T05:59:39Z	main	Daily Automation Audit	schedule	https://github.com/balajirajput96/health-reels-automation/actions/runs/37270196669
health-reels-automation	37182572491	completed	success	2026-10-04T06:21:33Z	2026-10-04T06:21:49Z	main	Reel queue continuation	schedule	https://github.com/balajirajput96/health-reels-automation/actions/runs/37182572491
health-reels-automation	37182010128	completed	success	2026-10-04T06:10:05Z	2026-10-04T06:10:19Z	main	Daily Repository Maintenance	schedule	https://github.com/balajirajput96/health-reels-automation/actions/runs/37182010128
hindi-research-reels-control	37414133278	completed	success	2026-10-06T04:31:44Z	2026-10-06T04:32:34Z	main	npm_and_yarn in /. for @babel/core, @vitest/mocker, axios, axios, axios, axios, axios, axios, axios, axios, axios, axios, axios, axios, axios, axios, axios, axios, axios, axios, axios, axios, axios, axios, axios, axios, axios, axios, axios, baseline-browser-mapping, body-parser, browserslist, dompurify, dompurify, dompurify, dompurify, dompurify, dompurify, dompurify, dompurify, dompurify, dompurify, dompurify, dompurify, dompurify, dompurify, drizzle-orm, fast-xml-parser, fast-xml-parser, follow-redirec...	dynamic	https://github.com/balajirajput96/hindi-research-reels-control/actions/runs/37414133278
hindi-research-reels-control	34427255777	completed	success	2026-09-10T01:53:22Z	2026-09-10T01:54:14Z	main	npm_and_yarn in /. for @babel/core, @vitest/mocker, axios, axios, axios, axios, axios, axios, axios, axios, axios, axios, axios, axios, axios, axios, axios, axios, axios, axios, axios, axios, axios, axios, axios, axios, axios, axios, axios, baseline-browser-mapping, body-parser, browserslist, dompurify, dompurify, dompurify, dompurify, dompurify, dompurify, dompurify, dompurify, dompurify, dompurify, dompurify, dompurify, dompurify, dompurify, drizzle-orm, fast-xml-parser, fast-xml-parser, follow-redirec...	dynamic	https://github.com/balajirajput96/hindi-research-reels-control/actions/runs/34427255777
hindi-research-reels-control	34322194200	completed	success	2026-09-09T07:06:23Z	2026-09-09T07:07:13Z	main	npm_and_yarn in /. for @babel/core, axios, axios, axios, axios, axios, axios, axios, axios, axios, axios, axios, axios, axios, axios, axios, axios, axios, axios, axios, axios, axios, axios, axios, axios, axios, axios, axios, baseline-browser-mapping, body-parser, browserslist, dompurify, dompurify, dompurify, dompurify, dompurify, dompurify, dompurify, dompurify, dompurify, dompurify, dompurify, dompurify, dompurify, dompurify, drizzle-orm, fast-xml-parser, fast-xml-parser, follow-redirects, form-data, m...	dynamic	https://github.com/balajirajput96/hindi-research-reels-control/actions/runs/34322194200
hindi-research-reels-control	34319493141	completed	success	2026-09-09T06:32:03Z	2026-09-09T06:32:49Z	main	npm_and_yarn in /. for @babel/core, axios, axios, axios, axios, axios, axios, axios, axios, axios, axios, axios, axios, axios, axios, axios, axios, axios, axios, axios, axios, axios, axios, axios, axios, axios, axios, axios, baseline-browser-mapping, body-parser, browserslist, dompurify, dompurify, dompurify, dompurify, dompurify, dompurify, dompurify, dompurify, dompurify, dompurify, dompurify, dompurify, dompurify, dompurify, drizzle-orm, fast-xml-parser, fast-xml-parser, follow-redirects, form-data, m...	dynamic	https://github.com/balajirajput96/hindi-research-reels-control/actions/runs/34319493141
hindi-research-reels-control	34318496800	completed	success	2026-09-09T06:18:44Z	2026-09-09T06:19:33Z	main	npm_and_yarn in /. for @babel/core, axios, axios, axios, axios, axios, axios, axios, axios, axios, axios, axios, axios, axios, axios, axios, axios, axios, axios, axios, axios, axios, axios, axios, axios, axios, axios, axios, body-parser, browserslist, dompurify, dompurify, dompurify, dompurify, dompurify, dompurify, dompurify, dompurify, dompurify, dompurify, dompurify, dompurify, dompurify, dompurify, dompurify, drizzle-orm, fast-xml-parser, fast-xml-parser, follow-redirects, form-data, mermaid, mermaid...	dynamic	https://github.com/balajirajput96/hindi-research-reels-control/actions/runs/34318496800
hindi-research-reels-control	34184041034	completed	success	2026-09-08T03:35:26Z	2026-09-08T03:36:04Z	main	npm_and_yarn in /. for @babel/core, axios, axios, axios, axios, axios, axios, axios, axios, axios, axios, axios, axios, axios, axios, axios, axios, axios, axios, axios, axios, axios, axios, axios, axios, axios, axios, axios, body-parser, browserslist, dompurify, dompurify, dompurify, dompurify, dompurify, dompurify, dompurify, dompurify, dompurify, dompurify, dompurify, dompurify, dompurify, dompurify, dompurify, drizzle-orm, fast-xml-parser, fast-xml-parser, follow-redirects, form-data, mermaid, mermaid...	dynamic	https://github.com/balajirajput96/hindi-research-reels-control/actions/runs/34184041034
hindi-research-reels-control	34064352305	completed	success	2026-09-06T22:33:11Z	2026-09-06T22:33:55Z	main	npm_and_yarn in /. for @babel/core, axios, axios, axios, axios, axios, axios, axios, axios, axios, axios, axios, axios, axios, axios, axios, axios, axios, axios, axios, axios, axios, axios, axios, axios, axios, axios, axios, body-parser, browserslist, dompurify, dompurify, dompurify, dompurify, dompurify, dompurify, dompurify, dompurify, dompurify, dompurify, dompurify, dompurify, dompurify, dompurify, dompurify, dompurify, drizzle-orm, fast-xml-parser, fast-xml-parser, follow-redirects, form-data, merma...	dynamic	https://github.com/balajirajput96/hindi-research-reels-control/actions/runs/34064352305
hindi-research-reels-control	33725415304	completed	success	2026-09-03T06:54:06Z	2026-09-03T06:54:45Z	main	npm_and_yarn in /. for @babel/core, axios, axios, axios, axios, axios, axios, axios, axios, axios, axios, axios, axios, axios, axios, axios, axios, axios, axios, axios, axios, axios, axios, axios, axios, axios, axios, axios, body-parser, dompurify, dompurify, dompurify, dompurify, dompurify, dompurify, dompurify, dompurify, dompurify, dompurify, dompurify, dompurify, dompurify, dompurify, dompurify, dompurify, drizzle-orm, fast-xml-parser, fast-xml-parser, follow-redirects, form-data, lodash, lodash-es, ...	dynamic	https://github.com/balajirajput96/hindi-research-reels-control/actions/runs/33725415304
hindi-research-reels-control	33651052307	completed	success	2026-09-02T15:49:33Z	2026-09-02T15:50:20Z	main	npm_and_yarn in /. for @babel/core, axios, axios, axios, axios, axios, axios, axios, axios, axios, axios, axios, axios, axios, axios, axios, axios, axios, axios, axios, axios, axios, axios, axios, axios, axios, axios, axios, body-parser, dompurify, dompurify, dompurify, dompurify, dompurify, dompurify, dompurify, dompurify, dompurify, dompurify, dompurify, dompurify, dompurify, dompurify, dompurify, dompurify, drizzle-orm, fast-xml-parser, fast-xml-parser, follow-redirects, form-data, lodash, lodash-es, ...	dynamic	https://github.com/balajirajput96/hindi-research-reels-control/actions/runs/33651052307
hindi-research-reels-control	33651050802	completed	success	2026-09-02T15:49:32Z	2026-09-02T15:50:26Z	main	npm_and_yarn in /. for @babel/core, axios, axios, axios, axios, axios, axios, axios, axios, axios, axios, axios, axios, axios, axios, axios, axios, axios, axios, axios, axios, axios, axios, axios, axios, axios, axios, axios, body-parser, dompurify, dompurify, dompurify, dompurify, dompurify, dompurify, dompurify, dompurify, dompurify, dompurify, dompurify, dompurify, dompurify, dompurify, dompurify, dompurify, dompurify, drizzle-orm, fast-xml-parser, fast-xml-parser, follow-redirects, form-data, lodash, ...	dynamic	https://github.com/balajirajput96/hindi-research-reels-control/actions/runs/33651050802
hindi-research-reels-control	33589039434	completed	success	2026-09-02T03:58:38Z	2026-09-02T03:59:22Z	main	npm_and_yarn in /. for @babel/core, axios, axios, axios, axios, axios, axios, axios, axios, axios, axios, axios, axios, axios, axios, axios, axios, axios, axios, axios, axios, axios, axios, axios, axios, axios, axios, axios, body-parser, dompurify, dompurify, dompurify, dompurify, dompurify, dompurify, dompurify, dompurify, dompurify, dompurify, dompurify, dompurify, dompurify, dompurify, dompurify, dompurify, dompurify, drizzle-orm, fast-xml-parser, fast-xml-parser, follow-redirects, form-data, lodash, ...	dynamic	https://github.com/balajirajput96/hindi-research-reels-control/actions/runs/33589039434
hindi-research-reels-control	33576121643	completed	success	2026-09-02T00:37:54Z	2026-09-02T00:38:33Z	main	npm_and_yarn in /. for @babel/core, axios, axios, axios, axios, axios, axios, axios, axios, axios, axios, axios, axios, axios, axios, axios, axios, axios, axios, axios, axios, axios, axios, axios, axios, axios, axios, axios, body-parser, dompurify, dompurify, dompurify, dompurify, dompurify, dompurify, dompurify, dompurify, dompurify, dompurify, dompurify, dompurify, dompurify, dompurify, dompurify, dompurify, dompurify, drizzle-orm, fast-xml-parser, fast-xml-parser, follow-redirects, form-data, lodash, ...	dynamic	https://github.com/balajirajput96/hindi-research-reels-control/actions/runs/33576121643
hindi-research-reels-control	33549890347	completed	success	2026-09-01T19:30:26Z	2026-09-01T19:31:15Z	main	npm_and_yarn in /. for @babel/core, axios, axios, axios, axios, axios, axios, axios, axios, axios, axios, axios, axios, axios, axios, axios, axios, axios, axios, axios, axios, axios, axios, axios, axios, axios, axios, axios, body-parser, dompurify, dompurify, dompurify, dompurify, dompurify, dompurify, dompurify, dompurify, dompurify, dompurify, dompurify, dompurify, dompurify, dompurify, dompurify, dompurify, dompurify, drizzle-orm, fast-xml-parser, fast-xml-parser, fast-xml-parser, follow-redirects, fo...	dynamic	https://github.com/balajirajput96/hindi-research-reels-control/actions/runs/33549890347
hindi-research-reels-control	33243144505	completed	success	2026-08-29T08:26:17Z	2026-08-29T08:26:48Z	dependabot/npm_and_yarn/npm_and_yarn-f8cb449521	Validate dashboard	pull_request	https://github.com/balajirajput96/hindi-research-reels-control/actions/runs/33243144505
hindi-research-reels-control	33243019623	completed	success	2026-08-29T08:23:07Z	2026-08-29T08:26:16Z	main	npm_and_yarn in /. for @babel/core, axios, axios, axios, axios, axios, axios, axios, axios, axios, axios, axios, axios, axios, axios, axios, axios, axios, axios, axios, axios, axios, axios, axios, axios, axios, axios, axios, body-parser, dompurify, dompurify, dompurify, dompurify, dompurify, dompurify, dompurify, dompurify, dompurify, dompurify, dompurify, dompurify, dompurify, dompurify, dompurify, dompurify, dompurify, drizzle-orm, fast-xml-parser, fast-xml-parser, fast-xml-parser, follow-redirects, fo...	dynamic	https://github.com/balajirajput96/hindi-research-reels-control/actions/runs/33243019623
hindi-research-reels-control	33243019083	completed	success	2026-08-29T08:23:06Z	2026-08-29T08:26:17Z	main	npm_and_yarn in /. for @babel/core, axios, axios, axios, axios, axios, axios, axios, axios, axios, axios, axios, axios, axios, axios, axios, axios, axios, axios, axios, axios, axios, axios, axios, axios, axios, axios, axios, body-parser, dompurify, dompurify, dompurify, dompurify, dompurify, dompurify, dompurify, dompurify, dompurify, dompurify, dompurify, dompurify, dompurify, dompurify, dompurify, dompurify, drizzle-orm, fast-xml-parser, fast-xml-parser, follow-redirects, form-data, lodash, lodash-es, ...	dynamic	https://github.com/balajirajput96/hindi-research-reels-control/actions/runs/33243019083
hindi-research-reels-control	32593355510	completed	success	2026-08-22T19:19:10Z	2026-08-22T19:19:58Z	main	Validate dashboard	push	https://github.com/balajirajput96/hindi-research-reels-control/actions/runs/32593355510
hindi-research-reels-control	32593290680	completed	success	2026-08-22T19:17:48Z	2026-08-22T19:18:39Z	manus/fix-pnpm-version-cycle-007	Validate dashboard	pull_request	https://github.com/balajirajput96/hindi-research-reels-control/actions/runs/32593290680
hindi-research-reels-control	32569874628	completed	cancelled	2026-08-22T11:17:13Z	2026-08-23T11:17:24Z	main	npm_and_yarn in /. for @babel/core, axios, axios, axios, axios, axios, axios, axios, axios, axios, axios, axios, axios, axios, axios, axios, axios, axios, axios, axios, axios, axios, axios, axios, axios, dompurify, dompurify, dompurify, dompurify, dompurify, dompurify, dompurify, dompurify, dompurify, dompurify, dompurify, dompurify, dompurify, dompurify, dompurify, dompurify, drizzle-orm, fast-xml-parser, fast-xml-parser, fast-xml-parser, fast-xml-parser, fast-xml-parser, fast-xml-parser, fast-xml-parse...	dynamic	https://github.com/balajirajput96/hindi-research-reels-control/actions/runs/32569874628
infra-tools	33243015958	completed	success	2026-08-29T08:23:02Z	2026-08-29T08:23:47Z	main	Graph Update: pip in /. #1544955844	dynamic	https://github.com/balajirajput96/infra-tools/actions/runs/33243015958
infra-tools	32432009956	completed	success	2026-08-21T00:16:16Z	2026-08-21T00:16:29Z	main	Verify infrastructure scripts	push	https://github.com/balajirajput96/infra-tools/actions/runs/32432009956
infra-tools	32166254140	completed	cancelled	2026-08-18T17:33:50Z	2026-08-19T01:14:27Z	main	Graph Update: pip in /. #1531231047	dynamic	https://github.com/balajirajput96/infra-tools/actions/runs/32166254140
infra-tools	32166249680	completed	success	2026-08-18T17:33:47Z	2026-08-18T17:37:35Z	main	Verify infrastructure scripts	push	https://github.com/balajirajput96/infra-tools/actions/runs/32166249680
infra-tools	32155179619	completed	success	2026-08-18T15:33:30Z	2026-08-18T15:33:43Z	main	Verify infrastructure scripts	push	https://github.com/balajirajput96/infra-tools/actions/runs/32155179619
job-automation-orchestrator	38044331104	completed	success	2026-10-10T10:16:30Z	2026-10-10T10:17:05Z	main	Hourly deterministic maintenance	schedule	https://github.com/balajirajput96/job-automation-orchestrator/actions/runs/38044331104
job-automation-orchestrator	38020660494	completed	success	2026-10-10T03:28:11Z	2026-10-10T03:28:49Z	main	Hourly deterministic maintenance	schedule	https://github.com/balajirajput96/job-automation-orchestrator/actions/runs/38020660494
job-automation-orchestrator	38005785850	completed	success	2026-10-09T23:43:08Z	2026-10-09T23:43:43Z	main	Hourly deterministic maintenance	schedule	https://github.com/balajirajput96/job-automation-orchestrator/actions/runs/38005785850
job-automation-orchestrator	37983462495	completed	success	2026-10-09T19:54:59Z	2026-10-09T19:55:35Z	main	Hourly deterministic maintenance	schedule	https://github.com/balajirajput96/job-automation-orchestrator/actions/runs/37983462495
job-automation-orchestrator	37942580425	completed	success	2026-10-09T14:13:30Z	2026-10-09T14:14:12Z	main	Hourly deterministic maintenance	schedule	https://github.com/balajirajput96/job-automation-orchestrator/actions/runs/37942580425
job-automation-orchestrator	37896474943	completed	success	2026-10-09T06:59:29Z	2026-10-09T06:59:59Z	main	Hourly deterministic maintenance	schedule	https://github.com/balajirajput96/job-automation-orchestrator/actions/runs/37896474943
job-automation-orchestrator	37866851449	completed	success	2026-10-09T00:51:06Z	2026-10-09T00:51:45Z	main	Hourly deterministic maintenance	schedule	https://github.com/balajirajput96/job-automation-orchestrator/actions/runs/37866851449
job-automation-orchestrator	37838951585	completed	success	2026-10-08T20:22:25Z	2026-10-08T20:23:02Z	main	Hourly deterministic maintenance	schedule	https://github.com/balajirajput96/job-automation-orchestrator/actions/runs/37838951585
job-automation-orchestrator	37790739094	completed	success	2026-10-08T14:13:45Z	2026-10-08T14:14:29Z	main	Hourly deterministic maintenance	schedule	https://github.com/balajirajput96/job-automation-orchestrator/actions/runs/37790739094
job-automation-orchestrator	37739890396	completed	success	2026-10-08T06:50:48Z	2026-10-08T06:51:34Z	main	Hourly deterministic maintenance	schedule	https://github.com/balajirajput96/job-automation-orchestrator/actions/runs/37739890396
job-automation-orchestrator	37708584650	completed	success	2026-10-08T00:35:41Z	2026-10-08T00:36:26Z	main	Hourly deterministic maintenance	schedule	https://github.com/balajirajput96/job-automation-orchestrator/actions/runs/37708584650
job-automation-orchestrator	37681191212	completed	success	2026-10-07T20:20:01Z	2026-10-07T20:20:39Z	main	Hourly deterministic maintenance	schedule	https://github.com/balajirajput96/job-automation-orchestrator/actions/runs/37681191212
job-automation-orchestrator	37633613912	completed	success	2026-10-07T14:04:08Z	2026-10-07T14:04:45Z	main	Hourly deterministic maintenance	schedule	https://github.com/balajirajput96/job-automation-orchestrator/actions/runs/37633613912
job-automation-orchestrator	37582979501	completed	success	2026-10-07T06:42:13Z	2026-10-07T06:42:48Z	main	Hourly deterministic maintenance	schedule	https://github.com/balajirajput96/job-automation-orchestrator/actions/runs/37582979501
job-automation-orchestrator	37550917256	completed	success	2026-10-07T00:14:31Z	2026-10-07T00:14:56Z	main	Hourly deterministic maintenance	schedule	https://github.com/balajirajput96/job-automation-orchestrator/actions/runs/37550917256
job-automation-orchestrator	37528178127	completed	success	2026-10-06T20:40:03Z	2026-10-06T20:40:38Z	main	Hourly deterministic maintenance	schedule	https://github.com/balajirajput96/job-automation-orchestrator/actions/runs/37528178127
job-automation-orchestrator	37488556128	completed	success	2026-10-06T15:33:47Z	2026-10-06T15:34:30Z	main	Hourly deterministic maintenance	schedule	https://github.com/balajirajput96/job-automation-orchestrator/actions/runs/37488556128
job-automation-orchestrator	37435385520	completed	success	2026-10-06T08:19:52Z	2026-10-06T08:20:35Z	main	Hourly deterministic maintenance	schedule	https://github.com/balajirajput96/job-automation-orchestrator/actions/runs/37435385520
job-automation-orchestrator	37397124315	completed	success	2026-10-06T01:02:24Z	2026-10-06T01:03:04Z	main	Hourly deterministic maintenance	schedule	https://github.com/balajirajput96/job-automation-orchestrator/actions/runs/37397124315
job-automation-orchestrator	37394682434	completed	success	2026-10-06T00:34:03Z	2026-10-06T00:34:54Z	main	npm_and_yarn in /. for @babel/core, @vitest/mocker, axios, axios, axios, axios, axios, axios, axios, axios, axios, axios, axios, axios, axios, axios, axios, axios, axios, axios, axios, axios, axios, axios, axios, axios, axios, axios, axios, baseline-browser-mapping, body-parser, browserslist, dompurify, dompurify, dompurify, dompurify, dompurify, dompurify, dompurify, dompurify, dompurify, dompurify, dompurify, dompurify, dompurify, dompurify, drizzle-orm, follow-redirects, form-data, mermaid, mermaid, m...	dynamic	https://github.com/balajirajput96/job-automation-orchestrator/actions/runs/37394682434
my-ai-assistant	38033441632	completed	success	2026-10-10T07:09:22Z	2026-10-10T07:10:35Z	main	Scheduled Maintenance Validation	schedule	https://github.com/balajirajput96/my-ai-assistant/actions/runs/38033441632
my-ai-assistant	38010906049	completed	success	2026-10-10T00:52:38Z	2026-10-10T00:53:47Z	main	Scheduled Maintenance Validation	schedule	https://github.com/balajirajput96/my-ai-assistant/actions/runs/38010906049
my-ai-assistant	37990380122	completed	success	2026-10-09T20:57:09Z	2026-10-09T20:58:02Z	main	Scheduled Maintenance Validation	schedule	https://github.com/balajirajput96/my-ai-assistant/actions/runs/37990380122
my-ai-assistant	37957595253	completed	success	2026-10-09T16:13:53Z	2026-10-09T16:14:53Z	main	Scheduled Maintenance Validation	schedule	https://github.com/balajirajput96/my-ai-assistant/actions/runs/37957595253
my-ai-assistant	37909126528	completed	success	2026-10-09T09:06:20Z	2026-10-09T09:07:30Z	main	Scheduled Maintenance Validation	schedule	https://github.com/balajirajput96/my-ai-assistant/actions/runs/37909126528
my-ai-assistant	37873343990	completed	success	2026-10-09T02:11:00Z	2026-10-09T02:12:03Z	main	Scheduled Maintenance Validation	schedule	https://github.com/balajirajput96/my-ai-assistant/actions/runs/37873343990
my-ai-assistant	37851544268	completed	success	2026-10-08T22:08:23Z	2026-10-08T22:09:13Z	main	npm_and_yarn in /. for @babel/core, @humanfs/node, @vitest/mocker, @xmldom/xmldom, @xmldom/xmldom, @xmldom/xmldom, @xmldom/xmldom, @xmldom/xmldom, @xmldom/xmldom, @xmldom/xmldom, @xmldom/xmldom, @xmldom/xmldom, @xmldom/xmldom, @xmldom/xmldom, @xmldom/xmldom, @xmldom/xmldom, @xmldom/xmldom, @xmldom/xmldom, axios, baseline-browser-mapping, body-parser, brace-expansion, brace-expansion, brace-expansion, brace-expansion, brace-expansion, brace-expansion, brace-expansion, brace-expansion, browserslist, browse...	dynamic	https://github.com/balajirajput96/my-ai-assistant/actions/runs/37851544268
my-ai-assistant	37851184600	completed	success	2026-10-08T22:05:09Z	2026-10-08T22:06:12Z	main	Scheduled Maintenance Validation	schedule	https://github.com/balajirajput96/my-ai-assistant/actions/runs/37851184600
my-ai-assistant	37809214878	completed	success	2026-10-08T16:29:41Z	2026-10-08T16:30:41Z	main	Scheduled Maintenance Validation	schedule	https://github.com/balajirajput96/my-ai-assistant/actions/runs/37809214878
my-ai-assistant	37753526556	completed	success	2026-10-08T08:59:23Z	2026-10-08T09:00:35Z	main	Scheduled Maintenance Validation	schedule	https://github.com/balajirajput96/my-ai-assistant/actions/runs/37753526556
my-ai-assistant	37715410337	completed	success	2026-10-08T01:56:38Z	2026-10-08T01:57:38Z	main	Scheduled Maintenance Validation	schedule	https://github.com/balajirajput96/my-ai-assistant/actions/runs/37715410337
my-ai-assistant	37693164021	completed	success	2026-10-07T21:59:10Z	2026-10-07T22:00:17Z	main	Scheduled Maintenance Validation	schedule	https://github.com/balajirajput96/my-ai-assistant/actions/runs/37693164021
my-ai-assistant	37652501891	completed	success	2026-10-07T16:29:56Z	2026-10-07T16:31:00Z	main	Scheduled Maintenance Validation	schedule	https://github.com/balajirajput96/my-ai-assistant/actions/runs/37652501891
my-ai-assistant	37595361836	completed	success	2026-10-07T08:40:42Z	2026-10-07T08:41:56Z	main	Scheduled Maintenance Validation	schedule	https://github.com/balajirajput96/my-ai-assistant/actions/runs/37595361836
my-ai-assistant	37575288922	completed	success	2026-10-07T05:13:55Z	2026-10-07T05:14:47Z	main	npm_and_yarn in /. for @babel/core, @humanfs/node, @vitest/mocker, @xmldom/xmldom, @xmldom/xmldom, @xmldom/xmldom, @xmldom/xmldom, @xmldom/xmldom, @xmldom/xmldom, @xmldom/xmldom, @xmldom/xmldom, @xmldom/xmldom, @xmldom/xmldom, @xmldom/xmldom, @xmldom/xmldom, @xmldom/xmldom, @xmldom/xmldom, @xmldom/xmldom, baseline-browser-mapping, body-parser, brace-expansion, brace-expansion, brace-expansion, brace-expansion, brace-expansion, brace-expansion, brace-expansion, brace-expansion, browserslist, browserslist,...	dynamic	https://github.com/balajirajput96/my-ai-assistant/actions/runs/37575288922
my-ai-assistant	37557671691	completed	success	2026-10-07T01:33:11Z	2026-10-07T01:34:08Z	main	Scheduled Maintenance Validation	schedule	https://github.com/balajirajput96/my-ai-assistant/actions/runs/37557671691
my-ai-assistant	37535266756	completed	success	2026-10-06T21:38:08Z	2026-10-06T21:39:18Z	main	Scheduled Maintenance Validation	schedule	https://github.com/balajirajput96/my-ai-assistant/actions/runs/37535266756
my-ai-assistant	37501666977	completed	success	2026-10-06T17:11:53Z	2026-10-06T17:12:56Z	main	Scheduled Maintenance Validation	schedule	https://github.com/balajirajput96/my-ai-assistant/actions/runs/37501666977
my-ai-assistant	37449071236	completed	success	2026-10-06T10:19:59Z	2026-10-06T10:21:06Z	main	Scheduled Maintenance Validation	schedule	https://github.com/balajirajput96/my-ai-assistant/actions/runs/37449071236
my-ai-assistant	37406799859	completed	success	2026-10-06T02:59:12Z	2026-10-06T03:00:21Z	main	Scheduled Maintenance Validation	schedule	https://github.com/balajirajput96/my-ai-assistant/actions/runs/37406799859
neuro-pulse-content-studio	38053131893	completed	success	2026-10-10T12:45:25Z	2026-10-10T12:46:15Z	main	npm_and_yarn in /. for @vitest/mocker, axios, axios, axios, axios, axios, axios, axios, axios, axios, axios, browserslist, dompurify, mysql2, mysql2, pnpm, pnpm, pnpm, qs, qs, vitest, vitest - Update #1620572899	dynamic	https://github.com/balajirajput96/neuro-pulse-content-studio/actions/runs/38053131893
neuro-pulse-content-studio	38038105904	completed	failure	2026-10-10T08:30:22Z	2026-10-10T08:30:39Z	main	Daily Repository Health	schedule	https://github.com/balajirajput96/neuro-pulse-content-studio/actions/runs/38038105904
neuro-pulse-content-studio	37909074653	completed	failure	2026-10-09T09:05:51Z	2026-10-09T09:06:07Z	main	Daily Repository Health	schedule	https://github.com/balajirajput96/neuro-pulse-content-studio/actions/runs/37909074653
neuro-pulse-content-studio	37753500794	completed	failure	2026-10-08T08:59:09Z	2026-10-08T08:59:26Z	main	Daily Repository Health	schedule	https://github.com/balajirajput96/neuro-pulse-content-studio/actions/runs/37753500794
neuro-pulse-content-studio	37595295872	completed	failure	2026-10-07T08:40:08Z	2026-10-07T08:40:30Z	main	Daily Repository Health	schedule	https://github.com/balajirajput96/neuro-pulse-content-studio/actions/runs/37595295872
neuro-pulse-content-studio	37439872390	completed	failure	2026-10-06T08:59:41Z	2026-10-06T09:00:01Z	main	Daily Repository Health	schedule	https://github.com/balajirajput96/neuro-pulse-content-studio/actions/runs/37439872390
neuro-pulse-content-studio	37291522959	completed	success	2026-10-05T09:39:47Z	2026-10-05T09:40:43Z	main	npm_and_yarn in /. for @vitest/mocker, axios, axios, axios, axios, axios, axios, axios, axios, axios, browserslist, dompurify, mysql2, mysql2, pnpm, pnpm, pnpm, qs, qs, vitest, vitest - Update #1609849953	dynamic	https://github.com/balajirajput96/neuro-pulse-content-studio/actions/runs/37291522959
neuro-pulse-content-studio	37291261468	completed	success	2026-10-05T09:37:22Z	2026-10-05T09:38:24Z	main	npm_and_yarn in /. for @vitest/mocker, axios, axios, axios, axios, axios, axios, axios, axios, browserslist, dompurify, mysql2, mysql2, pnpm, pnpm, pnpm, qs, qs, vitest, vitest - Update #1609840665	dynamic	https://github.com/balajirajput96/neuro-pulse-content-studio/actions/runs/37291261468
neuro-pulse-content-studio	37289440905	completed	success	2026-10-05T09:20:59Z	2026-10-05T09:22:01Z	main	npm_and_yarn in /. for @vitest/mocker, axios, axios, axios, axios, axios, axios, axios, browserslist, dompurify, mysql2, mysql2, pnpm, pnpm, pnpm, qs, qs, vitest, vitest - Update #1609774883	dynamic	https://github.com/balajirajput96/neuro-pulse-content-studio/actions/runs/37289440905
neuro-pulse-content-studio	37287782164	completed	failure	2026-10-05T09:05:48Z	2026-10-05T09:06:05Z	main	Daily Repository Health	schedule	https://github.com/balajirajput96/neuro-pulse-content-studio/actions/runs/37287782164
neuro-pulse-content-studio	37276466118	completed	success	2026-10-05T07:12:43Z	2026-10-05T07:13:33Z	main	npm_and_yarn in /. for @vitest/mocker, axios, axios, axios, axios, axios, browserslist, dompurify, mysql2, mysql2, pnpm, pnpm, pnpm, qs, qs, vitest, vitest - Update #1609450811	dynamic	https://github.com/balajirajput96/neuro-pulse-content-studio/actions/runs/37276466118
neuro-pulse-content-studio	37275096442	completed	success	2026-10-05T06:57:44Z	2026-10-05T06:58:31Z	main	npm_and_yarn in /. for @vitest/mocker, axios, axios, axios, axios, axios, browserslist, dompurify, mysql2, mysql2, pnpm, pnpm, pnpm, qs, qs, vitest, vitest - Update #1609408064	dynamic	https://github.com/balajirajput96/neuro-pulse-content-studio/actions/runs/37275096442
neuro-pulse-content-studio	37275090417	completed	success	2026-10-05T06:57:40Z	2026-10-05T06:58:34Z	main	npm_and_yarn in /. for @vitest/mocker, axios, axios, axios, axios, browserslist, dompurify, mysql2, mysql2, pnpm, pnpm, pnpm, qs, qs, vitest, vitest - Update #1609408003	dynamic	https://github.com/balajirajput96/neuro-pulse-content-studio/actions/runs/37275090417
neuro-pulse-content-studio	37275048256	completed	success	2026-10-05T06:57:10Z	2026-10-05T06:58:07Z	main	npm_and_yarn in /. for @vitest/mocker, axios, axios, browserslist, dompurify, mysql2, mysql2, pnpm, pnpm, pnpm, qs, qs, vitest, vitest - Update #1609407624	dynamic	https://github.com/balajirajput96/neuro-pulse-content-studio/actions/runs/37275048256
neuro-pulse-content-studio	37254476127	completed	success	2026-10-05T02:12:29Z	2026-10-05T02:13:18Z	main	npm_and_yarn in /. for @vitest/mocker, axios, axios, browserslist, dompurify, mysql2, mysql2, pnpm, pnpm, pnpm, qs, qs, vitest, vitest - Update #1608625491	dynamic	https://github.com/balajirajput96/neuro-pulse-content-studio/actions/runs/37254476127
neuro-pulse-content-studio	37245385447	completed	success	2026-10-04T23:53:35Z	2026-10-04T23:54:30Z	main	npm_and_yarn in /. for @vitest/mocker, axios, browserslist, dompurify, mysql2, mysql2, pnpm, pnpm, pnpm, qs, qs, vitest, vitest - Update #1608303907	dynamic	https://github.com/balajirajput96/neuro-pulse-content-studio/actions/runs/37245385447
neuro-pulse-content-studio	37237794306	completed	success	2026-10-04T21:52:01Z	2026-10-04T21:52:54Z	main	npm_and_yarn in /. for @vitest/mocker, browserslist, mysql2, mysql2, pnpm, pnpm, pnpm, qs, qs, vitest, vitest - Update #1608189360	dynamic	https://github.com/balajirajput96/neuro-pulse-content-studio/actions/runs/37237794306
neuro-pulse-content-studio	37188978477	completed	failure	2026-10-04T08:27:29Z	2026-10-04T08:27:45Z	main	Daily Repository Health	schedule	https://github.com/balajirajput96/neuro-pulse-content-studio/actions/runs/37188978477
neuro-pulse-content-studio	37108616366	completed	failure	2026-10-03T08:07:08Z	2026-10-03T08:08:00Z	main	Daily Repository Health	schedule	https://github.com/balajirajput96/neuro-pulse-content-studio/actions/runs/37108616366
neuro-pulse-content-studio	36984663357	completed	failure	2026-10-02T08:33:02Z	2026-10-02T08:33:18Z	main	Daily Repository Health	schedule	https://github.com/balajirajput96/neuro-pulse-content-studio/actions/runs/36984663357
open-assistant	38043603250	completed	success	2026-10-10T10:04:00Z	2026-10-10T10:04:08Z	main	Review CI failures	schedule	https://github.com/balajirajput96/open-assistant/actions/runs/38043603250
open-assistant	37919972566	completed	success	2026-10-09T10:49:41Z	2026-10-09T10:49:50Z	main	Review CI failures	schedule	https://github.com/balajirajput96/open-assistant/actions/runs/37919972566
open-assistant	37766159022	completed	success	2026-10-08T10:50:49Z	2026-10-08T10:50:58Z	main	Review CI failures	schedule	https://github.com/balajirajput96/open-assistant/actions/runs/37766159022
open-assistant	37607766998	completed	success	2026-10-07T10:29:45Z	2026-10-07T10:29:55Z	main	Review CI failures	schedule	https://github.com/balajirajput96/open-assistant/actions/runs/37607766998
open-assistant	37594759447	completed	success	2026-10-07T08:35:18Z	2026-10-07T08:36:07Z	main	npm_and_yarn in /. for @babel/core, @humanfs/node, @vitest/mocker, @xmldom/xmldom, @xmldom/xmldom, @xmldom/xmldom, @xmldom/xmldom, @xmldom/xmldom, @xmldom/xmldom, @xmldom/xmldom, @xmldom/xmldom, @xmldom/xmldom, @xmldom/xmldom, axios, axios, axios, axios, axios, axios, axios, axios, axios, axios, axios, axios, axios, axios, axios, axios, axios, axios, axios, baseline-browser-mapping, body-parser, brace-expansion, brace-expansion, brace-expansion, brace-expansion, brace-expansion, brace-expansion, brace-ex...	dynamic	https://github.com/balajirajput96/open-assistant/actions/runs/37594759447
open-assistant	37564500547	completed	success	2026-10-07T02:57:58Z	2026-10-07T02:58:45Z	main	npm_and_yarn in /. for @babel/core, @humanfs/node, @vitest/mocker, @xmldom/xmldom, @xmldom/xmldom, @xmldom/xmldom, @xmldom/xmldom, @xmldom/xmldom, @xmldom/xmldom, @xmldom/xmldom, @xmldom/xmldom, @xmldom/xmldom, @xmldom/xmldom, axios, axios, axios, axios, axios, axios, axios, axios, axios, axios, axios, axios, axios, axios, axios, axios, axios, axios, axios, axios, baseline-browser-mapping, body-parser, brace-expansion, brace-expansion, brace-expansion, brace-expansion, brace-expansion, brace-expansion, b...	dynamic	https://github.com/balajirajput96/open-assistant/actions/runs/37564500547
open-assistant	37455357455	completed	success	2026-10-06T11:16:58Z	2026-10-06T11:17:49Z	main	npm_and_yarn in /. for @babel/core, @humanfs/node, @vitest/mocker, @xmldom/xmldom, @xmldom/xmldom, @xmldom/xmldom, @xmldom/xmldom, @xmldom/xmldom, @xmldom/xmldom, @xmldom/xmldom, @xmldom/xmldom, @xmldom/xmldom, @xmldom/xmldom, axios, axios, axios, axios, axios, axios, axios, axios, axios, axios, axios, axios, axios, axios, axios, axios, axios, axios, axios, axios, baseline-browser-mapping, body-parser, brace-expansion, brace-expansion, brace-expansion, brace-expansion, brace-expansion, brace-expansion, b...	dynamic	https://github.com/balajirajput96/open-assistant/actions/runs/37455357455
open-assistant	37451190120	completed	success	2026-10-06T10:39:09Z	2026-10-06T10:39:17Z	main	Review CI failures	schedule	https://github.com/balajirajput96/open-assistant/actions/runs/37451190120
open-assistant	37451158159	completed	success	2026-10-06T10:38:52Z	2026-10-06T10:39:48Z	main	npm_and_yarn in /. for @babel/core, @humanfs/node, @vitest/mocker, @xmldom/xmldom, @xmldom/xmldom, @xmldom/xmldom, @xmldom/xmldom, @xmldom/xmldom, @xmldom/xmldom, @xmldom/xmldom, @xmldom/xmldom, @xmldom/xmldom, @xmldom/xmldom, axios, axios, axios, axios, axios, axios, axios, axios, axios, axios, axios, axios, axios, axios, axios, axios, axios, axios, axios, axios, baseline-browser-mapping, body-parser, brace-expansion, brace-expansion, brace-expansion, brace-expansion, brace-expansion, brace-expansion, b...	dynamic	https://github.com/balajirajput96/open-assistant/actions/runs/37451158159
open-assistant	37298641247	completed	success	2026-10-05T10:45:49Z	2026-10-05T10:45:58Z	main	Review CI failures	schedule	https://github.com/balajirajput96/open-assistant/actions/runs/37298641247
open-assistant	37193963816	completed	success	2026-10-04T10:00:28Z	2026-10-04T10:00:36Z	main	Review CI failures	schedule	https://github.com/balajirajput96/open-assistant/actions/runs/37193963816
open-assistant	37121830671	completed	success	2026-10-03T12:07:03Z	2026-10-03T12:07:51Z	main	npm_and_yarn in /. for @babel/core, @humanfs/node, @vitest/mocker, @xmldom/xmldom, @xmldom/xmldom, @xmldom/xmldom, @xmldom/xmldom, @xmldom/xmldom, @xmldom/xmldom, @xmldom/xmldom, @xmldom/xmldom, @xmldom/xmldom, @xmldom/xmldom, axios, axios, axios, axios, axios, axios, axios, axios, axios, axios, axios, axios, axios, axios, axios, axios, axios, axios, axios, axios, baseline-browser-mapping, body-parser, brace-expansion, brace-expansion, brace-expansion, brace-expansion, brace-expansion, brace-expansion, b...	dynamic	https://github.com/balajirajput96/open-assistant/actions/runs/37121830671
open-assistant	37112812346	completed	success	2026-10-03T09:22:12Z	2026-10-03T09:22:19Z	main	Review CI failures	schedule	https://github.com/balajirajput96/open-assistant/actions/runs/37112812346
open-assistant	36992890634	completed	success	2026-10-02T09:58:58Z	2026-10-02T09:59:06Z	main	Review CI failures	schedule	https://github.com/balajirajput96/open-assistant/actions/runs/36992890634
open-assistant	36849583440	completed	success	2026-10-01T10:30:36Z	2026-10-01T10:31:28Z	main	npm_and_yarn in /. for @babel/core, @humanfs/node, @vitest/mocker, @xmldom/xmldom, @xmldom/xmldom, @xmldom/xmldom, @xmldom/xmldom, @xmldom/xmldom, @xmldom/xmldom, @xmldom/xmldom, @xmldom/xmldom, @xmldom/xmldom, @xmldom/xmldom, axios, axios, axios, axios, axios, axios, axios, axios, axios, axios, axios, axios, axios, axios, axios, axios, axios, axios, axios, axios, axios, baseline-browser-mapping, body-parser, brace-expansion, brace-expansion, brace-expansion, brace-expansion, brace-expansion, brace-expan...	dynamic	https://github.com/balajirajput96/open-assistant/actions/runs/36849583440
open-assistant	36848766272	completed	success	2026-10-01T10:22:52Z	2026-10-01T10:23:00Z	main	Review CI failures	schedule	https://github.com/balajirajput96/open-assistant/actions/runs/36848766272
open-assistant	36699261110	completed	success	2026-09-30T09:56:04Z	2026-09-30T09:56:13Z	main	Review CI failures	schedule	https://github.com/balajirajput96/open-assistant/actions/runs/36699261110
open-assistant	36553141740	completed	success	2026-09-29T10:03:20Z	2026-09-29T10:03:29Z	main	Review CI failures	schedule	https://github.com/balajirajput96/open-assistant/actions/runs/36553141740
open-assistant	36407513617	completed	success	2026-09-28T10:04:56Z	2026-09-28T10:05:04Z	main	Review CI failures	schedule	https://github.com/balajirajput96/open-assistant/actions/runs/36407513617
open-assistant	36309443619	completed	success	2026-09-27T09:27:47Z	2026-09-27T09:27:55Z	main	Review CI failures	schedule	https://github.com/balajirajput96/open-assistant/actions/runs/36309443619
openclaw-phone-dashboard	38033227744	completed	success	2026-10-10T07:05:43Z	2026-10-10T07:06:16Z	main	Hourly Health Check	schedule	https://github.com/balajirajput96/openclaw-phone-dashboard/actions/runs/38033227744
openclaw-phone-dashboard	38010701108	completed	success	2026-10-10T00:49:36Z	2026-10-10T00:50:11Z	main	Hourly Health Check	schedule	https://github.com/balajirajput96/openclaw-phone-dashboard/actions/runs/38010701108
openclaw-phone-dashboard	37989975865	completed	success	2026-10-09T20:53:25Z	2026-10-09T20:53:55Z	main	Hourly Health Check	schedule	https://github.com/balajirajput96/openclaw-phone-dashboard/actions/runs/37989975865
openclaw-phone-dashboard	37957305197	completed	success	2026-10-09T16:11:31Z	2026-10-09T16:12:03Z	main	Hourly Health Check	schedule	https://github.com/balajirajput96/openclaw-phone-dashboard/actions/runs/37957305197
openclaw-phone-dashboard	37908699867	completed	success	2026-10-09T09:02:20Z	2026-10-09T09:03:28Z	main	Hourly Health Check	schedule	https://github.com/balajirajput96/openclaw-phone-dashboard/actions/runs/37908699867
openclaw-phone-dashboard	37873168822	completed	success	2026-10-09T02:08:47Z	2026-10-09T02:09:20Z	main	Hourly Health Check	schedule	https://github.com/balajirajput96/openclaw-phone-dashboard/actions/runs/37873168822
openclaw-phone-dashboard	37845901876	completed	success	2026-10-08T21:19:02Z	2026-10-08T21:20:14Z	main	Hourly Health Check	schedule	https://github.com/balajirajput96/openclaw-phone-dashboard/actions/runs/37845901876
openclaw-phone-dashboard	37802046472	completed	success	2026-10-08T15:35:42Z	2026-10-08T15:36:13Z	main	Hourly Health Check	schedule	https://github.com/balajirajput96/openclaw-phone-dashboard/actions/runs/37802046472
openclaw-phone-dashboard	37743138947	completed	success	2026-10-08T07:23:32Z	2026-10-08T07:24:06Z	main	Hourly Health Check	schedule	https://github.com/balajirajput96/openclaw-phone-dashboard/actions/runs/37743138947
openclaw-phone-dashboard	37710614462	completed	success	2026-10-08T00:59:28Z	2026-10-08T00:59:58Z	main	Hourly Health Check	schedule	https://github.com/balajirajput96/openclaw-phone-dashboard/actions/runs/37710614462
openclaw-phone-dashboard	37683333137	completed	success	2026-10-07T20:36:47Z	2026-10-07T20:37:25Z	main	Hourly Health Check	schedule	https://github.com/balajirajput96/openclaw-phone-dashboard/actions/runs/37683333137
openclaw-phone-dashboard	37637300190	completed	success	2026-10-07T14:30:42Z	2026-10-07T14:31:09Z	main	Hourly Health Check	schedule	https://github.com/balajirajput96/openclaw-phone-dashboard/actions/runs/37637300190
openclaw-phone-dashboard	37586021650	completed	success	2026-10-07T07:13:30Z	2026-10-07T07:14:06Z	main	Hourly Health Check	schedule	https://github.com/balajirajput96/openclaw-phone-dashboard/actions/runs/37586021650
openclaw-phone-dashboard	37553287271	completed	success	2026-10-07T00:41:31Z	2026-10-07T00:42:05Z	main	Hourly Health Check	schedule	https://github.com/balajirajput96/openclaw-phone-dashboard/actions/runs/37553287271
openclaw-phone-dashboard	37525507199	completed	success	2026-10-06T20:19:00Z	2026-10-06T20:19:34Z	main	Hourly Health Check	schedule	https://github.com/balajirajput96/openclaw-phone-dashboard/actions/runs/37525507199
openclaw-phone-dashboard	37485250678	completed	success	2026-10-06T15:11:02Z	2026-10-06T15:11:37Z	main	Hourly Health Check	schedule	https://github.com/balajirajput96/openclaw-phone-dashboard/actions/runs/37485250678
openclaw-phone-dashboard	37430418761	completed	success	2026-10-06T07:33:37Z	2026-10-06T07:34:02Z	main	Hourly Health Check	schedule	https://github.com/balajirajput96/openclaw-phone-dashboard/actions/runs/37430418761
openclaw-phone-dashboard	37395896510	completed	success	2026-10-06T00:48:18Z	2026-10-06T00:48:52Z	main	Hourly Health Check	schedule	https://github.com/balajirajput96/openclaw-phone-dashboard/actions/runs/37395896510
openclaw-phone-dashboard	37395391013	completed	success	2026-10-06T00:42:24Z	2026-10-06T00:43:15Z	main	npm_and_yarn in /. for @babel/core, @vitest/mocker, axios, axios, axios, axios, axios, axios, axios, axios, axios, axios, axios, axios, axios, axios, axios, axios, axios, axios, axios, axios, axios, axios, axios, axios, axios, axios, axios, baseline-browser-mapping, body-parser, browserslist, dompurify, dompurify, dompurify, dompurify, dompurify, dompurify, dompurify, dompurify, dompurify, dompurify, dompurify, dompurify, dompurify, dompurify, drizzle-orm, fast-xml-parser, fast-xml-parser, follow-redirec...	dynamic	https://github.com/balajirajput96/openclaw-phone-dashboard/actions/runs/37395391013
openclaw-phone-dashboard	37355980371	completed	success	2026-10-05T18:26:38Z	2026-10-05T18:27:09Z	main	Hourly Health Check	schedule	https://github.com/balajirajput96/openclaw-phone-dashboard/actions/runs/37355980371
orbit-console	37728007172	completed	success	2026-10-08T04:32:54Z	2026-10-08T04:33:45Z	main	npm_and_yarn in /. for @vitest/mocker, axios, axios, axios, axios, axios, axios, axios, axios, baseline-browser-mapping, browserslist, dompurify, pnpm, pnpm, pnpm, qs, qs, vitest - Update #1616612335	dynamic	https://github.com/balajirajput96/orbit-console/actions/runs/37728007172
orbit-console	37700172027	completed	success	2026-10-07T23:05:05Z	2026-10-07T23:06:01Z	main	npm_and_yarn in /. for @vitest/mocker, axios, axios, axios, axios, axios, axios, axios, axios, baseline-browser-mapping, browserslist, dompurify, pnpm, pnpm, pnpm, qs, qs, vitest - Update #1616164763	dynamic	https://github.com/balajirajput96/orbit-console/actions/runs/37700172027
orbit-console	37699069830	completed	success	2026-10-07T22:54:13Z	2026-10-07T22:55:02Z	main	npm_and_yarn in /. for @vitest/mocker, axios, axios, axios, axios, axios, axios, axios, baseline-browser-mapping, browserslist, dompurify, pnpm, pnpm, pnpm, qs, qs, vitest - Update #1616144865	dynamic	https://github.com/balajirajput96/orbit-console/actions/runs/37699069830
orbit-console	37482133320	completed	success	2026-10-06T14:49:01Z	2026-10-06T14:49:53Z	main	npm_and_yarn in /. for @vitest/mocker, axios, axios, axios, axios, axios, baseline-browser-mapping, browserslist, dompurify, pnpm, pnpm, pnpm, qs, qs, vitest - Update #1613225313	dynamic	https://github.com/balajirajput96/orbit-console/actions/runs/37482133320
orbit-console	37450878931	completed	success	2026-10-06T10:36:17Z	2026-10-06T10:37:13Z	main	npm_and_yarn in /. for @vitest/mocker, axios, axios, axios, axios, axios, baseline-browser-mapping, browserslist, dompurify, pnpm, pnpm, pnpm, qs, qs, vitest - Update #1612766815	dynamic	https://github.com/balajirajput96/orbit-console/actions/runs/37450878931
orbit-console	37416650901	completed	success	2026-10-06T05:03:31Z	2026-10-06T05:04:20Z	main	npm_and_yarn in /. for @vitest/mocker, axios, axios, axios, baseline-browser-mapping, browserslist, dompurify, pnpm, pnpm, pnpm, qs, qs, vitest - Update #1612157886	dynamic	https://github.com/balajirajput96/orbit-console/actions/runs/37416650901
orbit-console	37413219939	completed	success	2026-10-06T04:20:12Z	2026-10-06T04:21:04Z	main	npm_and_yarn in /. for @vitest/mocker, axios, axios, axios, baseline-browser-mapping, browserslist, dompurify, pnpm, pnpm, pnpm, qs, qs, vitest - Update #1612093466	dynamic	https://github.com/balajirajput96/orbit-console/actions/runs/37413219939
orbit-console	37363124470	completed	success	2026-10-05T19:24:04Z	2026-10-05T19:25:03Z	main	npm_and_yarn in /. for @vitest/mocker, axios, axios, baseline-browser-mapping, browserslist, dompurify, pnpm, pnpm, pnpm, qs, qs, vitest - Update #1611171945	dynamic	https://github.com/balajirajput96/orbit-console/actions/runs/37363124470
orbit-console	37324793506	completed	success	2026-10-05T14:27:01Z	2026-10-05T14:27:55Z	main	npm_and_yarn in /. for @vitest/mocker, baseline-browser-mapping, browserslist, dompurify, pnpm, pnpm, pnpm, qs, qs, vitest - Update #1610563308	dynamic	https://github.com/balajirajput96/orbit-console/actions/runs/37324793506
orbit-console	37236125505	completed	success	2026-10-04T21:26:52Z	2026-10-04T21:27:41Z	main	npm_and_yarn in /. for @vitest/mocker, baseline-browser-mapping, browserslist, pnpm, pnpm, pnpm, qs, qs, vitest - Update #1608168042	dynamic	https://github.com/balajirajput96/orbit-console/actions/runs/37236125505
orbit-console	34550654294	completed	success	2026-09-11T01:26:14Z	2026-09-11T01:27:06Z	main	npm_and_yarn in /. for @vitest/mocker, baseline-browser-mapping, browserslist, pnpm, pnpm, pnpm, qs, qs - Update #1570189256	dynamic	https://github.com/balajirajput96/orbit-console/actions/runs/34550654294
orbit-console	34455441689	completed	success	2026-09-10T08:29:30Z	2026-09-10T08:30:54Z	main	npm_and_yarn in /. for baseline-browser-mapping, browserslist, pnpm, pnpm, pnpm, qs, qs - Update #1568339159	dynamic	https://github.com/balajirajput96/orbit-console/actions/runs/34455441689
orbit-console	34426543149	completed	success	2026-09-10T01:42:29Z	2026-09-10T01:43:34Z	main	npm_and_yarn in /. for baseline-browser-mapping, browserslist, pnpm, pnpm, pnpm, qs - Update #1567502181	dynamic	https://github.com/balajirajput96/orbit-console/actions/runs/34426543149
orbit-console	34316720128	completed	success	2026-09-09T05:53:35Z	2026-09-09T05:54:18Z	main	npm_and_yarn in /. for baseline-browser-mapping, browserslist, pnpm, pnpm, pnpm, qs - Update #1565378396	dynamic	https://github.com/balajirajput96/orbit-console/actions/runs/34316720128
orbit-console	34064331509	completed	success	2026-09-06T22:32:47Z	2026-09-06T22:33:31Z	main	npm_and_yarn in /. for browserslist, pnpm, pnpm, pnpm, qs - Update #1559804240	dynamic	https://github.com/balajirajput96/orbit-console/actions/runs/34064331509
orbit-console	33757713188	completed	success	2026-09-03T12:52:13Z	2026-09-03T12:53:03Z	main	npm_and_yarn in /. for pnpm, pnpm, pnpm - Update #1555270217	dynamic	https://github.com/balajirajput96/orbit-console/actions/runs/33757713188
orbit-console	33652489804	completed	success	2026-09-02T16:03:09Z	2026-09-02T16:03:41Z	dependabot/npm_and_yarn/npm_and_yarn-1555d9a891	Verify application	pull_request	https://github.com/balajirajput96/orbit-console/actions/runs/33652489804
orbit-console	33652338000	completed	success	2026-09-02T16:01:44Z	2026-09-02T16:03:03Z	main	npm_and_yarn in /. for pnpm - Update #1552468692	dynamic	https://github.com/balajirajput96/orbit-console/actions/runs/33652338000
orbit-console	32978212355	completed	success	2026-08-26T14:06:26Z	2026-08-26T15:08:32Z	main	Verify application	push	https://github.com/balajirajput96/orbit-console/actions/runs/32978212355
orbit-console	32978127234	completed	success	2026-08-26T14:05:37Z	2026-08-26T15:07:51Z	main	Verify application	push	https://github.com/balajirajput96/orbit-console/actions/runs/32978127234
pharma-automation-logs	38046771066	completed	success	2026-10-10T10:58:42Z	2026-10-10T10:59:36Z	main	Engineering Continuation	schedule	https://github.com/balajirajput96/pharma-automation-logs/actions/runs/38046771066
pharma-automation-logs	38025052254	completed	success	2026-10-10T04:43:23Z	2026-10-10T04:44:08Z	main	Engineering Continuation	schedule	https://github.com/balajirajput96/pharma-automation-logs/actions/runs/38025052254
pharma-automation-logs	38002518438	completed	success	2026-10-09T23:03:55Z	2026-10-09T23:04:40Z	main	Engineering Continuation	schedule	https://github.com/balajirajput96/pharma-automation-logs/actions/runs/38002518438
pharma-automation-logs	37970616663	completed	success	2026-10-09T18:03:26Z	2026-10-09T18:04:28Z	main	Engineering Continuation	schedule	https://github.com/balajirajput96/pharma-automation-logs/actions/runs/37970616663
pharma-automation-logs	37925840584	completed	success	2026-10-09T11:46:50Z	2026-10-09T11:47:51Z	main	Engineering Continuation	schedule	https://github.com/balajirajput96/pharma-automation-logs/actions/runs/37925840584
pharma-automation-logs	37886314554	completed	success	2026-10-09T04:57:51Z	2026-10-09T04:59:15Z	main	Engineering Continuation	schedule	https://github.com/balajirajput96/pharma-automation-logs/actions/runs/37886314554
pharma-automation-logs	37860649660	completed	success	2026-10-08T23:39:37Z	2026-10-08T23:40:33Z	main	Engineering Continuation	schedule	https://github.com/balajirajput96/pharma-automation-logs/actions/runs/37860649660
pharma-automation-logs	37825020134	completed	success	2026-10-08T18:32:01Z	2026-10-08T18:33:09Z	main	Engineering Continuation	schedule	https://github.com/balajirajput96/pharma-automation-logs/actions/runs/37825020134
pharma-automation-logs	37772581083	completed	success	2026-10-08T11:49:10Z	2026-10-08T11:49:57Z	main	Engineering Continuation	schedule	https://github.com/balajirajput96/pharma-automation-logs/actions/runs/37772581083
pharma-automation-logs	37729756447	completed	success	2026-10-08T04:54:47Z	2026-10-08T04:55:36Z	main	Engineering Continuation	schedule	https://github.com/balajirajput96/pharma-automation-logs/actions/runs/37729756447
pharma-automation-logs	37702472594	completed	success	2026-10-07T23:28:29Z	2026-10-07T23:29:23Z	main	Engineering Continuation	schedule	https://github.com/balajirajput96/pharma-automation-logs/actions/runs/37702472594
pharma-automation-logs	37667703801	completed	success	2026-10-07T18:33:10Z	2026-10-07T18:34:04Z	main	Engineering Continuation	schedule	https://github.com/balajirajput96/pharma-automation-logs/actions/runs/37667703801
pharma-automation-logs	37614976698	completed	success	2026-10-07T11:34:20Z	2026-10-07T11:35:21Z	main	Engineering Continuation	schedule	https://github.com/balajirajput96/pharma-automation-logs/actions/runs/37614976698
pharma-automation-logs	37572898238	completed	success	2026-10-07T04:44:24Z	2026-10-07T04:45:12Z	main	Engineering Continuation	schedule	https://github.com/balajirajput96/pharma-automation-logs/actions/runs/37572898238
pharma-automation-logs	37547568727	completed	success	2026-10-06T23:37:23Z	2026-10-06T23:38:12Z	main	Engineering Continuation	schedule	https://github.com/balajirajput96/pharma-automation-logs/actions/runs/37547568727
pharma-automation-logs	37518873015	completed	success	2026-10-06T19:25:36Z	2026-10-06T19:26:21Z	main	Engineering Continuation	schedule	https://github.com/balajirajput96/pharma-automation-logs/actions/runs/37518873015
pharma-automation-logs	37475095568	completed	success	2026-10-06T13:58:33Z	2026-10-06T13:59:23Z	main	Engineering Continuation	schedule	https://github.com/balajirajput96/pharma-automation-logs/actions/runs/37475095568
pharma-automation-logs	37422102476	completed	success	2026-10-06T06:08:12Z	2026-10-06T06:09:10Z	main	Engineering Continuation	schedule	https://github.com/balajirajput96/pharma-automation-logs/actions/runs/37422102476
pharma-automation-logs	37391492399	completed	success	2026-10-05T23:59:07Z	2026-10-06T00:00:04Z	main	Engineering Continuation	schedule	https://github.com/balajirajput96/pharma-automation-logs/actions/runs/37391492399
pharma-automation-logs	37352632164	completed	success	2026-10-05T17:59:59Z	2026-10-05T18:00:59Z	main	Engineering Continuation	schedule	https://github.com/balajirajput96/pharma-automation-logs/actions/runs/37352632164
pharma-outreach-automation	32155596995	completed	success	2026-08-18T15:37:39Z	2026-08-18T15:37:58Z	main	Test outreach safeguards	push	https://github.com/balajirajput96/pharma-outreach-automation/actions/runs/32155596995
pharma-qa-job-tracker	38054192185	completed	success	2026-10-10T13:02:23Z	2026-10-10T13:03:09Z	main	npm_and_yarn in /. for @babel/core, @vitest/mocker, axios, axios, axios, axios, axios, axios, axios, axios, axios, axios, baseline-browser-mapping, browserslist, dompurify, esbuild, esbuild, mysql2, mysql2, pnpm, pnpm, pnpm, qs, qs, tar, tar, tar, tar, tar, tar, tar, tar, tar, vitest, vitest - Update #1620581228	dynamic	https://github.com/balajirajput96/pharma-qa-job-tracker/actions/runs/38054192185
pharma-qa-job-tracker	38039012397	completed	success	2026-10-10T08:45:52Z	2026-10-10T08:46:23Z	main	Daily repository maintenance	schedule	https://github.com/balajirajput96/pharma-qa-job-tracker/actions/runs/38039012397
pharma-qa-job-tracker	37911058875	completed	success	2026-10-09T09:24:25Z	2026-10-09T09:24:56Z	main	Daily repository maintenance	schedule	https://github.com/balajirajput96/pharma-qa-job-tracker/actions/runs/37911058875
pharma-qa-job-tracker	37755611531	completed	success	2026-10-08T09:17:23Z	2026-10-08T09:17:59Z	main	Daily repository maintenance	schedule	https://github.com/balajirajput96/pharma-qa-job-tracker/actions/runs/37755611531
pharma-qa-job-tracker	37597710709	completed	success	2026-10-07T09:01:18Z	2026-10-07T09:01:54Z	main	Daily repository maintenance	schedule	https://github.com/balajirajput96/pharma-qa-job-tracker/actions/runs/37597710709
pharma-qa-job-tracker	37441310683	completed	success	2026-10-06T09:11:59Z	2026-10-06T09:12:24Z	main	Daily repository maintenance	schedule	https://github.com/balajirajput96/pharma-qa-job-tracker/actions/runs/37441310683
pharma-qa-job-tracker	37289779405	completed	success	2026-10-05T09:24:07Z	2026-10-05T09:24:37Z	main	Daily repository maintenance	schedule	https://github.com/balajirajput96/pharma-qa-job-tracker/actions/runs/37289779405
pharma-qa-job-tracker	37282229366	completed	success	2026-10-05T08:12:48Z	2026-10-05T08:13:46Z	main	npm_and_yarn in /. for @babel/core, @vitest/mocker, axios, axios, axios, axios, axios, axios, axios, axios, baseline-browser-mapping, browserslist, dompurify, esbuild, esbuild, mysql2, mysql2, pnpm, pnpm, pnpm, qs, qs, tar, tar, tar, tar, tar, tar, tar, tar, tar, tar, vitest, vitest - Update #1609602452	dynamic	https://github.com/balajirajput96/pharma-qa-job-tracker/actions/runs/37282229366
pharma-qa-job-tracker	37281846941	completed	success	2026-10-05T08:09:06Z	2026-10-05T08:09:57Z	main	npm_and_yarn in /. for @babel/core, @vitest/mocker, axios, axios, axios, axios, axios, axios, axios, axios, baseline-browser-mapping, browserslist, dompurify, esbuild, esbuild, mysql2, mysql2, pnpm, pnpm, pnpm, qs, qs, tar, tar, tar, tar, tar, tar, tar, tar, tar, tar, vitest, vitest - Update #1609586379	dynamic	https://github.com/balajirajput96/pharma-qa-job-tracker/actions/runs/37281846941
pharma-qa-job-tracker	37280536003	completed	success	2026-10-05T07:56:00Z	2026-10-05T07:56:52Z	main	npm_and_yarn in /. for @babel/core, @vitest/mocker, axios, axios, axios, axios, axios, axios, baseline-browser-mapping, browserslist, dompurify, esbuild, esbuild, mysql2, mysql2, pnpm, pnpm, pnpm, qs, qs, tar, tar, tar, tar, tar, tar, tar, tar, tar, tar, vitest, vitest - Update #1609553266	dynamic	https://github.com/balajirajput96/pharma-qa-job-tracker/actions/runs/37280536003
pharma-qa-job-tracker	37269883834	completed	success	2026-10-05T05:54:56Z	2026-10-05T05:56:00Z	main	npm_and_yarn in /. for @babel/core, @vitest/mocker, axios, axios, axios, axios, axios, baseline-browser-mapping, browserslist, dompurify, esbuild, esbuild, mysql2, mysql2, pnpm, pnpm, pnpm, qs, qs, tar, tar, tar, tar, tar, tar, tar, tar, tar, tar, vitest, vitest - Update #1609214532	dynamic	https://github.com/balajirajput96/pharma-qa-job-tracker/actions/runs/37269883834
pharma-qa-job-tracker	37269093838	completed	success	2026-10-05T05:44:09Z	2026-10-05T05:45:04Z	main	npm_and_yarn in /. for @babel/core, @vitest/mocker, axios, axios, axios, axios, axios, baseline-browser-mapping, browserslist, dompurify, esbuild, esbuild, mysql2, mysql2, pnpm, pnpm, pnpm, qs, qs, tar, tar, tar, tar, tar, tar, tar, tar, tar, tar, vitest, vitest - Update #1609196528	dynamic	https://github.com/balajirajput96/pharma-qa-job-tracker/actions/runs/37269093838
pharma-qa-job-tracker	37269050311	completed	success	2026-10-05T05:43:35Z	2026-10-05T05:44:31Z	main	npm_and_yarn in /. for @babel/core, @vitest/mocker, axios, axios, axios, baseline-browser-mapping, browserslist, dompurify, esbuild, esbuild, mysql2, mysql2, pnpm, pnpm, pnpm, qs, qs, tar, tar, tar, tar, tar, tar, tar, tar, tar, tar, vitest, vitest - Update #1609193831	dynamic	https://github.com/balajirajput96/pharma-qa-job-tracker/actions/runs/37269050311
pharma-qa-job-tracker	37249482916	completed	success	2026-10-05T00:57:14Z	2026-10-05T00:58:17Z	main	npm_and_yarn in /. for @babel/core, @vitest/mocker, axios, baseline-browser-mapping, browserslist, dompurify, esbuild, esbuild, mysql2, mysql2, pnpm, pnpm, pnpm, qs, qs, tar, tar, tar, tar, tar, tar, tar, tar, tar, tar, vitest, vitest - Update #1608453187	dynamic	https://github.com/balajirajput96/pharma-qa-job-tracker/actions/runs/37249482916
pharma-qa-job-tracker	37240179109	completed	success	2026-10-04T22:29:00Z	2026-10-04T22:29:51Z	main	npm_and_yarn in /. for @babel/core, @vitest/mocker, axios, baseline-browser-mapping, browserslist, dompurify, esbuild, esbuild, mysql2, mysql2, pnpm, pnpm, pnpm, qs, qs, tar, tar, tar, tar, tar, tar, tar, tar, tar, tar, vitest, vitest - Update #1608227667	dynamic	https://github.com/balajirajput96/pharma-qa-job-tracker/actions/runs/37240179109
pharma-qa-job-tracker	37231301745	completed	success	2026-10-04T20:13:56Z	2026-10-04T20:14:47Z	main	npm_and_yarn in /. for @babel/core, @vitest/mocker, baseline-browser-mapping, browserslist, dompurify, esbuild, esbuild, mysql2, mysql2, pnpm, pnpm, pnpm, qs, qs, tar, tar, tar, tar, tar, tar, tar, tar, tar, tar, vitest, vitest - Update #1608101875	dynamic	https://github.com/balajirajput96/pharma-qa-job-tracker/actions/runs/37231301745
pharma-qa-job-tracker	37189556426	completed	success	2026-10-04T08:38:05Z	2026-10-04T08:38:38Z	main	Daily repository maintenance	schedule	https://github.com/balajirajput96/pharma-qa-job-tracker/actions/runs/37189556426
pharma-qa-job-tracker	37109587760	completed	success	2026-10-03T08:24:22Z	2026-10-03T08:24:55Z	main	Daily repository maintenance	schedule	https://github.com/balajirajput96/pharma-qa-job-tracker/actions/runs/37109587760
pharma-qa-job-tracker	36986015449	completed	success	2026-10-02T08:47:06Z	2026-10-02T08:47:42Z	main	Daily repository maintenance	schedule	https://github.com/balajirajput96/pharma-qa-job-tracker/actions/runs/36986015449
pharma-qa-job-tracker	36841322716	completed	success	2026-10-01T09:13:33Z	2026-10-01T09:14:01Z	main	Daily repository maintenance	schedule	https://github.com/balajirajput96/pharma-qa-job-tracker/actions/runs/36841322716
private-content-automation-workspace	38038307012	completed	success	2026-10-10T08:33:45Z	2026-10-10T08:33:56Z	main	Daily Repository Validation	schedule	https://github.com/balajirajput96/private-content-automation-workspace/actions/runs/38038307012
private-content-automation-workspace	37909546168	completed	success	2026-10-09T09:10:19Z	2026-10-09T09:10:28Z	main	Daily Repository Validation	schedule	https://github.com/balajirajput96/private-content-automation-workspace/actions/runs/37909546168
private-content-automation-workspace	37753989755	completed	success	2026-10-08T09:03:20Z	2026-10-08T09:03:34Z	main	Daily Repository Validation	schedule	https://github.com/balajirajput96/private-content-automation-workspace/actions/runs/37753989755
private-content-automation-workspace	37595833963	completed	success	2026-10-07T08:44:52Z	2026-10-07T08:45:02Z	main	Daily Repository Validation	schedule	https://github.com/balajirajput96/private-content-automation-workspace/actions/runs/37595833963
private-content-automation-workspace	37440263437	completed	success	2026-10-06T09:02:58Z	2026-10-06T09:03:11Z	main	Daily Repository Validation	schedule	https://github.com/balajirajput96/private-content-automation-workspace/actions/runs/37440263437
private-content-automation-workspace	37288186319	completed	success	2026-10-05T09:09:31Z	2026-10-05T09:09:41Z	main	Daily Repository Validation	schedule	https://github.com/balajirajput96/private-content-automation-workspace/actions/runs/37288186319
private-content-automation-workspace	37189087278	completed	success	2026-10-04T08:29:29Z	2026-10-04T08:29:40Z	main	Daily Repository Validation	schedule	https://github.com/balajirajput96/private-content-automation-workspace/actions/runs/37189087278
private-content-automation-workspace	37108889314	completed	success	2026-10-03T08:11:54Z	2026-10-03T08:12:05Z	main	Daily Repository Validation	schedule	https://github.com/balajirajput96/private-content-automation-workspace/actions/runs/37108889314
private-content-automation-workspace	36984957839	completed	success	2026-10-02T08:36:03Z	2026-10-02T08:36:11Z	main	Daily Repository Validation	schedule	https://github.com/balajirajput96/private-content-automation-workspace/actions/runs/36984957839
private-content-automation-workspace	36839954132	completed	success	2026-10-01T09:00:44Z	2026-10-01T09:00:56Z	main	Daily Repository Validation	schedule	https://github.com/balajirajput96/private-content-automation-workspace/actions/runs/36839954132
private-content-automation-workspace	36690928307	completed	success	2026-09-30T08:38:09Z	2026-09-30T08:38:19Z	main	Daily Repository Validation	schedule	https://github.com/balajirajput96/private-content-automation-workspace/actions/runs/36690928307
private-content-automation-workspace	36543799245	completed	success	2026-09-29T08:36:31Z	2026-09-29T08:36:43Z	main	Daily Repository Validation	schedule	https://github.com/balajirajput96/private-content-automation-workspace/actions/runs/36543799245
private-content-automation-workspace	36399160271	completed	success	2026-09-28T08:44:24Z	2026-09-28T08:44:33Z	main	Daily Repository Validation	schedule	https://github.com/balajirajput96/private-content-automation-workspace/actions/runs/36399160271
private-content-automation-workspace	36305649896	completed	success	2026-09-27T08:15:54Z	2026-09-27T08:16:04Z	main	Daily Repository Validation	schedule	https://github.com/balajirajput96/private-content-automation-workspace/actions/runs/36305649896
private-content-automation-workspace	36227829577	completed	success	2026-09-26T07:47:02Z	2026-09-26T07:47:11Z	main	Daily Repository Validation	schedule	https://github.com/balajirajput96/private-content-automation-workspace/actions/runs/36227829577
private-content-automation-workspace	36109990818	completed	success	2026-09-25T07:53:40Z	2026-09-25T07:54:28Z	main	Daily Repository Validation	schedule	https://github.com/balajirajput96/private-content-automation-workspace/actions/runs/36109990818
private-content-automation-workspace	35970673342	completed	success	2026-09-24T07:38:05Z	2026-09-24T07:38:15Z	main	Daily Repository Validation	schedule	https://github.com/balajirajput96/private-content-automation-workspace/actions/runs/35970673342
private-content-automation-workspace	35833608111	completed	success	2026-09-23T07:47:51Z	2026-09-23T07:48:02Z	main	Daily Repository Validation	schedule	https://github.com/balajirajput96/private-content-automation-workspace/actions/runs/35833608111
private-content-automation-workspace	35701150865	completed	success	2026-09-22T07:44:48Z	2026-09-22T07:45:15Z	main	Daily Repository Validation	schedule	https://github.com/balajirajput96/private-content-automation-workspace/actions/runs/35701150865
private-content-automation-workspace	35575588902	completed	success	2026-09-21T07:59:33Z	2026-09-21T07:59:46Z	main	Daily Repository Validation	schedule	https://github.com/balajirajput96/private-content-automation-workspace/actions/runs/35575588902
professional-resume-balaji-rajput	32154558239	completed	success	2026-08-18T15:27:27Z	2026-08-18T15:27:45Z	main	Verify resume generator	push	https://github.com/balajirajput96/professional-resume-balaji-rajput/actions/runs/32154558239
sellbuilding-ai-agent	38032131162	completed	success	2026-10-10T06:47:03Z	2026-10-10T06:47:47Z	main	Hourly maintenance health	schedule	https://github.com/balajirajput96/sellbuilding-ai-agent/actions/runs/38032131162
sellbuilding-ai-agent	38009588500	completed	success	2026-10-10T00:33:49Z	2026-10-10T00:34:26Z	main	Hourly maintenance health	schedule	https://github.com/balajirajput96/sellbuilding-ai-agent/actions/runs/38009588500
sellbuilding-ai-agent	37988438929	completed	success	2026-10-09T20:39:26Z	2026-10-09T20:40:08Z	main	Hourly maintenance health	schedule	https://github.com/balajirajput96/sellbuilding-ai-agent/actions/runs/37988438929
sellbuilding-ai-agent	37955266516	completed	success	2026-10-09T15:55:06Z	2026-10-09T15:55:45Z	main	Hourly maintenance health	schedule	https://github.com/balajirajput96/sellbuilding-ai-agent/actions/runs/37955266516
sellbuilding-ai-agent	37906197448	completed	success	2026-10-09T08:38:24Z	2026-10-09T08:39:03Z	main	Hourly maintenance health	schedule	https://github.com/balajirajput96/sellbuilding-ai-agent/actions/runs/37906197448
sellbuilding-ai-agent	37871591664	completed	success	2026-10-09T01:49:03Z	2026-10-09T01:49:46Z	main	Hourly maintenance health	schedule	https://github.com/balajirajput96/sellbuilding-ai-agent/actions/runs/37871591664
sellbuilding-ai-agent	37844592321	completed	success	2026-10-08T21:08:03Z	2026-10-08T21:08:36Z	main	Hourly maintenance health	schedule	https://github.com/balajirajput96/sellbuilding-ai-agent/actions/runs/37844592321
sellbuilding-ai-agent	37800032832	completed	success	2026-10-08T15:21:05Z	2026-10-08T15:21:36Z	main	Hourly maintenance health	schedule	https://github.com/balajirajput96/sellbuilding-ai-agent/actions/runs/37800032832
sellbuilding-ai-agent	37741368728	completed	success	2026-10-08T07:05:57Z	2026-10-08T07:06:35Z	main	Hourly maintenance health	schedule	https://github.com/balajirajput96/sellbuilding-ai-agent/actions/runs/37741368728
sellbuilding-ai-agent	37709633236	completed	success	2026-10-08T00:47:59Z	2026-10-08T00:48:38Z	main	Hourly maintenance health	schedule	https://github.com/balajirajput96/sellbuilding-ai-agent/actions/runs/37709633236
sellbuilding-ai-agent	37682311364	completed	success	2026-10-07T20:28:56Z	2026-10-07T20:29:32Z	main	Hourly maintenance health	schedule	https://github.com/balajirajput96/sellbuilding-ai-agent/actions/runs/37682311364
sellbuilding-ai-agent	37636425515	completed	success	2026-10-07T14:24:29Z	2026-10-07T14:25:04Z	main	Hourly maintenance health	schedule	https://github.com/balajirajput96/sellbuilding-ai-agent/actions/runs/37636425515
sellbuilding-ai-agent	37584484911	completed	success	2026-10-07T06:58:09Z	2026-10-07T06:58:36Z	main	Hourly maintenance health	schedule	https://github.com/balajirajput96/sellbuilding-ai-agent/actions/runs/37584484911
sellbuilding-ai-agent	37552059721	completed	failure	2026-10-07T00:27:29Z	2026-10-07T00:28:15Z	main	Hourly maintenance health	schedule	https://github.com/balajirajput96/sellbuilding-ai-agent/actions/runs/37552059721
sellbuilding-ai-agent	37523529242	completed	success	2026-10-06T20:03:21Z	2026-10-06T20:04:14Z	main	Hourly maintenance health	schedule	https://github.com/balajirajput96/sellbuilding-ai-agent/actions/runs/37523529242
sellbuilding-ai-agent	37482547563	completed	success	2026-10-06T14:52:02Z	2026-10-06T14:52:43Z	main	Hourly maintenance health	schedule	https://github.com/balajirajput96/sellbuilding-ai-agent/actions/runs/37482547563
sellbuilding-ai-agent	37428929548	completed	success	2026-10-06T07:19:18Z	2026-10-06T07:19:50Z	main	Hourly maintenance health	schedule	https://github.com/balajirajput96/sellbuilding-ai-agent/actions/runs/37428929548
sellbuilding-ai-agent	37395160883	completed	success	2026-10-06T00:39:41Z	2026-10-06T00:40:09Z	main	Hourly maintenance health	schedule	https://github.com/balajirajput96/sellbuilding-ai-agent/actions/runs/37395160883
sellbuilding-ai-agent	37353397484	completed	success	2026-10-05T18:06:04Z	2026-10-05T18:06:39Z	main	Hourly maintenance health	schedule	https://github.com/balajirajput96/sellbuilding-ai-agent/actions/runs/37353397484
sellbuilding-ai-agent	37284725768	completed	success	2026-10-05T08:36:53Z	2026-10-05T08:37:31Z	main	Hourly maintenance health	schedule	https://github.com/balajirajput96/sellbuilding-ai-agent/actions/runs/37284725768
skills-communicate-using-markdown	36921489691	completed	success	2026-10-01T20:25:47Z	2026-10-01T20:26:35Z	main	github_actions in /. - Update #1603672770	dynamic	https://github.com/balajirajput96/skills-communicate-using-markdown/actions/runs/36921489691
skills-communicate-using-markdown	33590196228	completed	success	2026-09-02T04:16:39Z	2026-09-02T04:17:00Z	main	Step 5, Merge your pull request	push	https://github.com/balajirajput96/skills-communicate-using-markdown/actions/runs/33590196228
skills-communicate-using-markdown	33590196227	completed	success	2026-09-02T04:16:39Z	2026-09-02T04:16:50Z	main	Step 0, Welcome	push	https://github.com/balajirajput96/skills-communicate-using-markdown/actions/runs/33590196227
skills-communicate-using-markdown	33555161780	completed	success	2026-09-01T20:24:49Z	2026-09-01T20:25:27Z	main	github_actions in /. - Update #1550295767	dynamic	https://github.com/balajirajput96/skills-communicate-using-markdown/actions/runs/33555161780
skills-communicate-using-markdown	30716910859	completed	cancelled	2026-08-01T20:24:40Z	2026-08-02T20:24:43Z	main	github_actions in /. - Update #1499667109	dynamic	https://github.com/balajirajput96/skills-communicate-using-markdown/actions/runs/30716910859
skills-communicate-using-markdown	28545544939	completed	cancelled	2026-07-01T20:25:26Z	2026-07-02T20:25:29Z	main	github_actions in /. - Update #1444234425	dynamic	https://github.com/balajirajput96/skills-communicate-using-markdown/actions/runs/28545544939
skills-communicate-using-markdown	26868840892	completed	cancelled	2026-06-03T06:56:12Z	2026-06-04T06:56:15Z	main	github_actions in /. - Update #1394880223	dynamic	https://github.com/balajirajput96/skills-communicate-using-markdown/actions/runs/26868840892
skills-communicate-using-markdown	25238261253	completed	cancelled	2026-05-01T23:55:12Z	2026-05-02T23:55:15Z	main	github_actions in /. - Update #1344864606	dynamic	https://github.com/balajirajput96/skills-communicate-using-markdown/actions/runs/25238261253
skills-communicate-using-markdown	23878559650	completed	cancelled	2026-04-02T01:04:14Z	2026-04-03T01:04:17Z	main	github_actions in /. - Update #1303903494	dynamic	https://github.com/balajirajput96/skills-communicate-using-markdown/actions/runs/23878559650
skills-communicate-using-markdown	22551918792	completed	cancelled	2026-03-01T20:26:54Z	2026-03-02T20:26:57Z	main	github_actions in /. - Update #1263529272	dynamic	https://github.com/balajirajput96/skills-communicate-using-markdown/actions/runs/22551918792
skills-communicate-using-markdown	21569686481	completed	cancelled	2026-02-01T20:26:59Z	2026-02-02T20:27:02Z	main	github_actions in /. - Update #1229282338	dynamic	https://github.com/balajirajput96/skills-communicate-using-markdown/actions/runs/21569686481
skills-communicate-using-markdown	20644944491	completed	cancelled	2026-01-01T20:18:18Z	2026-01-02T20:18:22Z	main	github_actions in /. - Update #1196844744	dynamic	https://github.com/balajirajput96/skills-communicate-using-markdown/actions/runs/20644944491
skills-communicate-using-markdown	19841458913	completed	cancelled	2025-12-01T23:49:00Z	2025-12-02T23:49:04Z	main	github_actions in /. - Update #1170692831	dynamic	https://github.com/balajirajput96/skills-communicate-using-markdown/actions/runs/19841458913
skills-communicate-using-markdown	19002134181	completed	cancelled	2025-11-01T20:19:45Z	2025-11-02T20:19:49Z	main	github_actions in /. - Update #1140685457	dynamic	https://github.com/balajirajput96/skills-communicate-using-markdown/actions/runs/19002134181
skills-communicate-using-markdown	18300160307	completed	success	2025-10-07T02:26:34Z	2025-10-07T02:26:43Z	main	Step 5, Merge your pull request	push	https://github.com/balajirajput96/skills-communicate-using-markdown/actions/runs/18300160307
skills-communicate-using-markdown	18300160274	completed	success	2025-10-07T02:26:34Z	2025-10-07T02:26:43Z	main	Step 0, Welcome	push	https://github.com/balajirajput96/skills-communicate-using-markdown/actions/runs/18300160274
skills-communicate-using-markdown	18184002189	completed	success	2025-10-02T05:10:28Z	2025-10-02T05:10:37Z	main	Step 0, Welcome	push	https://github.com/balajirajput96/skills-communicate-using-markdown/actions/runs/18184002189
skills-communicate-using-markdown	18184002184	completed	success	2025-10-02T05:10:28Z	2025-10-02T05:10:35Z	main	Step 5, Merge your pull request	push	https://github.com/balajirajput96/skills-communicate-using-markdown/actions/runs/18184002184
skills-communicate-using-markdown	18174598818	completed	cancelled	2025-10-01T20:22:57Z	2025-10-02T20:23:00Z	main	github_actions in /. - Update #1115400302	dynamic	https://github.com/balajirajput96/skills-communicate-using-markdown/actions/runs/18174598818
skills-communicate-using-markdown	17389168116	completed	cancelled	2025-09-01T23:39:55Z	2026-10-07T23:40:42Z	main	github_actions in /. - Update #1089272722	dynamic	https://github.com/balajirajput96/skills-communicate-using-markdown/actions/runs/17389168116
vscode-copilot-cha	38043431279	completed	success	2026-10-10T10:01:03Z	2026-10-10T10:01:27Z	main	Daily Pharma Job Scan	schedule	https://github.com/balajirajput96/vscode-copilot-cha/actions/runs/38043431279
vscode-copilot-cha	37919581537	completed	success	2026-10-09T10:45:47Z	2026-10-09T10:46:27Z	main	Daily Pharma Job Scan	schedule	https://github.com/balajirajput96/vscode-copilot-cha/actions/runs/37919581537
vscode-copilot-cha	37765729790	completed	success	2026-10-08T10:46:54Z	2026-10-08T10:47:21Z	main	Daily Pharma Job Scan	schedule	https://github.com/balajirajput96/vscode-copilot-cha/actions/runs/37765729790
vscode-copilot-cha	37607396778	completed	success	2026-10-07T10:26:21Z	2026-10-07T10:26:46Z	main	Daily Pharma Job Scan	schedule	https://github.com/balajirajput96/vscode-copilot-cha/actions/runs/37607396778
vscode-copilot-cha	37450705263	completed	success	2026-10-06T10:34:44Z	2026-10-06T10:35:08Z	main	Daily Pharma Job Scan	schedule	https://github.com/balajirajput96/vscode-copilot-cha/actions/runs/37450705263
vscode-copilot-cha	37298182752	completed	success	2026-10-05T10:41:31Z	2026-10-05T10:41:55Z	main	Daily Pharma Job Scan	schedule	https://github.com/balajirajput96/vscode-copilot-cha/actions/runs/37298182752
vscode-copilot-cha	37193822475	completed	success	2026-10-04T09:57:55Z	2026-10-04T09:58:20Z	main	Daily Pharma Job Scan	schedule	https://github.com/balajirajput96/vscode-copilot-cha/actions/runs/37193822475
vscode-copilot-cha	37112584398	completed	success	2026-10-03T09:18:12Z	2026-10-03T09:18:36Z	main	Daily Pharma Job Scan	schedule	https://github.com/balajirajput96/vscode-copilot-cha/actions/runs/37112584398
vscode-copilot-cha	36992641634	completed	success	2026-10-02T09:56:18Z	2026-10-02T09:56:40Z	main	Daily Pharma Job Scan	schedule	https://github.com/balajirajput96/vscode-copilot-cha/actions/runs/36992641634
vscode-copilot-cha	36848385972	completed	success	2026-10-01T10:19:15Z	2026-10-01T10:19:41Z	main	Daily Pharma Job Scan	schedule	https://github.com/balajirajput96/vscode-copilot-cha/actions/runs/36848385972
vscode-copilot-cha	36698784099	completed	success	2026-09-30T09:51:33Z	2026-09-30T09:52:02Z	main	Daily Pharma Job Scan	schedule	https://github.com/balajirajput96/vscode-copilot-cha/actions/runs/36698784099
vscode-copilot-cha	36552753326	completed	success	2026-09-29T09:59:51Z	2026-09-29T10:00:17Z	main	Daily Pharma Job Scan	schedule	https://github.com/balajirajput96/vscode-copilot-cha/actions/runs/36552753326
vscode-copilot-cha	36407053628	completed	success	2026-09-28T10:00:31Z	2026-09-28T10:01:38Z	main	Daily Pharma Job Scan	schedule	https://github.com/balajirajput96/vscode-copilot-cha/actions/runs/36407053628
vscode-copilot-cha	36309258345	completed	success	2026-09-27T09:24:20Z	2026-09-27T09:24:47Z	main	Daily Pharma Job Scan	schedule	https://github.com/balajirajput96/vscode-copilot-cha/actions/runs/36309258345
vscode-copilot-cha	36230656780	completed	success	2026-09-26T08:43:55Z	2026-09-26T08:44:31Z	main	Daily Pharma Job Scan	schedule	https://github.com/balajirajput96/vscode-copilot-cha/actions/runs/36230656780
vscode-copilot-cha	36115764599	completed	success	2026-09-25T08:57:42Z	2026-09-25T08:58:03Z	main	Daily Pharma Job Scan	schedule	https://github.com/balajirajput96/vscode-copilot-cha/actions/runs/36115764599
vscode-copilot-cha	35976206079	completed	success	2026-09-24T08:36:12Z	2026-09-24T08:36:35Z	main	Daily Pharma Job Scan	schedule	https://github.com/balajirajput96/vscode-copilot-cha/actions/runs/35976206079
vscode-copilot-cha	35838719410	completed	success	2026-09-23T08:43:12Z	2026-09-23T08:43:34Z	main	Daily Pharma Job Scan	schedule	https://github.com/balajirajput96/vscode-copilot-cha/actions/runs/35838719410
vscode-copilot-cha	35706135395	completed	success	2026-09-22T08:40:59Z	2026-09-22T08:41:21Z	main	Daily Pharma Job Scan	schedule	https://github.com/balajirajput96/vscode-copilot-cha/actions/runs/35706135395
vscode-copilot-cha	35581675140	completed	success	2026-09-21T09:09:21Z	2026-09-21T09:09:49Z	main	Daily Pharma Job Scan	schedule	https://github.com/balajirajput96/vscode-copilot-cha/actions/runs/35581675140
